snapshot_date,waiting_since,rtt_weeks,spec_code,specialty,division,ptl_type,n
2025-05-15,2025-05-09,0,101,Urology,Surgery and Associated Services,Non-admitted,118
2025-05-15,2025-05-09,0,101,Urology,Surgery and Associated Services,Admitted,17
2025-05-15,2025-05-09,0,120,ENT,Surgery and Associated Services,Non-admitted,250
2025-05-15,2025-05-09,0,120,ENT,Surgery and Associated Services,Admitted,19
2025-05-15,2025-05-09,0,301,Gastroenterology,Medicine,Non-admitted,196
2025-05-15,2025-05-09,0,301,Gastroenterology,Medicine,Admitted,6
2025-05-15,2025-05-09,0,330,Dermatology,Medicine,Non-admitted,382
2025-05-15,2025-05-09,0,330,Dermatology,Medicine,Admitted,18
2025-05-15,2025-05-09,0,502,Gynaecology,Family Health,Non-admitted,173
2025-05-15,2025-05-09,0,502,Gynaecology,Family Health,Admitted,30
2025-05-15,2025-05-02,1,101,Urology,Surgery and Associated Services,Non-admitted,154
2025-05-15,2025-05-02,1,101,Urology,Surgery and Associated Services,Admitted,26
2025-05-15,2025-05-02,1,120,ENT,Surgery and Associated Services,Non-admitted,220
2025-05-15,2025-05-02,1,120,ENT,Surgery and Associated Services,Admitted,35
2025-05-15,2025-05-02,1,301,Gastroenterology,Medicine,Non-admitted,146
2025-05-15,2025-05-02,1,301,Gastroenterology,Medicine,Admitted,6
2025-05-15,2025-05-02,1,330,Dermatology,Medicine,Non-admitted,320
2025-05-15,2025-05-02,1,330,Dermatology,Medicine,Admitted,33
2025-05-15,2025-05-02,1,502,Gynaecology,Family Health,Non-admitted,217
2025-05-15,2025-05-02,1,502,Gynaecology,Family Health,Admitted,48
2025-05-15,2025-04-25,2,101,Urology,Surgery and Associated Services,Non-admitted,175
2025-05-15,2025-04-25,2,101,Urology,Surgery and Associated Services,Admitted,35
2025-05-15,2025-04-25,2,120,ENT,Surgery and Associated Services,Non-admitted,331
2025-05-15,2025-04-25,2,120,ENT,Surgery and Associated Services,Admitted,35
2025-05-15,2025-04-25,2,301,Gastroenterology,Medicine,Non-admitted,187
2025-05-15,2025-04-25,2,301,Gastroenterology,Medicine,Admitted,2
2025-05-15,2025-04-25,2,330,Dermatology,Medicine,Non-admitted,248
2025-05-15,2025-04-25,2,330,Dermatology,Medicine,Admitted,75
2025-05-15,2025-04-25,2,502,Gynaecology,Family Health,Non-admitted,221
2025-05-15,2025-04-25,2,502,Gynaecology,Family Health,Admitted,37
2025-05-15,2025-04-18,3,101,Urology,Surgery and Associated Services,Non-admitted,122
2025-05-15,2025-04-18,3,101,Urology,Surgery and Associated Services,Admitted,25
2025-05-15,2025-04-18,3,120,ENT,Surgery and Associated Services,Non-admitted,166
2025-05-15,2025-04-18,3,120,ENT,Surgery and Associated Services,Admitted,18
2025-05-15,2025-04-18,3,301,Gastroenterology,Medicine,Non-admitted,113
2025-05-15,2025-04-18,3,301,Gastroenterology,Medicine,Admitted,1
2025-05-15,2025-04-18,3,330,Dermatology,Medicine,Non-admitted,143
2025-05-15,2025-04-18,3,330,Dermatology,Medicine,Admitted,33
2025-05-15,2025-04-18,3,502,Gynaecology,Family Health,Non-admitted,125
2025-05-15,2025-04-18,3,502,Gynaecology,Family Health,Admitted,22
2025-05-15,2025-04-11,4,101,Urology,Surgery and Associated Services,Non-admitted,159
2025-05-15,2025-04-11,4,101,Urology,Surgery and Associated Services,Admitted,50
2025-05-15,2025-04-11,4,120,ENT,Surgery and Associated Services,Non-admitted,268
2025-05-15,2025-04-11,4,120,ENT,Surgery and Associated Services,Admitted,32
2025-05-15,2025-04-11,4,301,Gastroenterology,Medicine,Non-admitted,209
2025-05-15,2025-04-11,4,301,Gastroenterology,Medicine,Admitted,1
2025-05-15,2025-04-11,4,330,Dermatology,Medicine,Non-admitted,194
2025-05-15,2025-04-11,4,330,Dermatology,Medicine,Admitted,47
2025-05-15,2025-04-11,4,502,Gynaecology,Family Health,Non-admitted,190
2025-05-15,2025-04-11,4,502,Gynaecology,Family Health,Admitted,27
2025-05-15,2025-04-04,5,101,Urology,Surgery and Associated Services,Non-admitted,155
2025-05-15,2025-04-04,5,101,Urology,Surgery and Associated Services,Admitted,37
2025-05-15,2025-04-04,5,120,ENT,Surgery and Associated Services,Non-admitted,277
2025-05-15,2025-04-04,5,120,ENT,Surgery and Associated Services,Admitted,40
2025-05-15,2025-04-04,5,301,Gastroenterology,Medicine,Non-admitted,183
2025-05-15,2025-04-04,5,330,Dermatology,Medicine,Non-admitted,217
2025-05-15,2025-04-04,5,330,Dermatology,Medicine,Admitted,31
2025-05-15,2025-04-04,5,502,Gynaecology,Family Health,Non-admitted,153
2025-05-15,2025-04-04,5,502,Gynaecology,Family Health,Admitted,53
2025-05-15,2025-03-28,6,101,Urology,Surgery and Associated Services,Non-admitted,130
2025-05-15,2025-03-28,6,101,Urology,Surgery and Associated Services,Admitted,35
2025-05-15,2025-03-28,6,120,ENT,Surgery and Associated Services,Non-admitted,224
2025-05-15,2025-03-28,6,120,ENT,Surgery and Associated Services,Admitted,44
2025-05-15,2025-03-28,6,301,Gastroenterology,Medicine,Non-admitted,190
2025-05-15,2025-03-28,6,301,Gastroenterology,Medicine,Admitted,1
2025-05-15,2025-03-28,6,330,Dermatology,Medicine,Non-admitted,242
2025-05-15,2025-03-28,6,330,Dermatology,Medicine,Admitted,20
2025-05-15,2025-03-28,6,502,Gynaecology,Family Health,Non-admitted,154
2025-05-15,2025-03-28,6,502,Gynaecology,Family Health,Admitted,43
2025-05-15,2025-03-21,7,101,Urology,Surgery and Associated Services,Non-admitted,163
2025-05-15,2025-03-21,7,101,Urology,Surgery and Associated Services,Admitted,36
2025-05-15,2025-03-21,7,120,ENT,Surgery and Associated Services,Non-admitted,284
2025-05-15,2025-03-21,7,120,ENT,Surgery and Associated Services,Admitted,55
2025-05-15,2025-03-21,7,301,Gastroenterology,Medicine,Non-admitted,195
2025-05-15,2025-03-21,7,330,Dermatology,Medicine,Non-admitted,177
2025-05-15,2025-03-21,7,330,Dermatology,Medicine,Admitted,14
2025-05-15,2025-03-21,7,502,Gynaecology,Family Health,Non-admitted,150
2025-05-15,2025-03-21,7,502,Gynaecology,Family Health,Admitted,32
2025-05-15,2025-03-14,8,101,Urology,Surgery and Associated Services,Non-admitted,165
2025-05-15,2025-03-14,8,101,Urology,Surgery and Associated Services,Admitted,30
2025-05-15,2025-03-14,8,120,ENT,Surgery and Associated Services,Non-admitted,236
2025-05-15,2025-03-14,8,120,ENT,Surgery and Associated Services,Admitted,45
2025-05-15,2025-03-14,8,301,Gastroenterology,Medicine,Non-admitted,214
2025-05-15,2025-03-14,8,330,Dermatology,Medicine,Non-admitted,169
2025-05-15,2025-03-14,8,330,Dermatology,Medicine,Admitted,24
2025-05-15,2025-03-14,8,502,Gynaecology,Family Health,Non-admitted,190
2025-05-15,2025-03-14,8,502,Gynaecology,Family Health,Admitted,35
2025-05-15,2025-03-07,9,101,Urology,Surgery and Associated Services,Non-admitted,142
2025-05-15,2025-03-07,9,101,Urology,Surgery and Associated Services,Admitted,33
2025-05-15,2025-03-07,9,120,ENT,Surgery and Associated Services,Non-admitted,206
2025-05-15,2025-03-07,9,120,ENT,Surgery and Associated Services,Admitted,30
2025-05-15,2025-03-07,9,301,Gastroenterology,Medicine,Non-admitted,177
2025-05-15,2025-03-07,9,330,Dermatology,Medicine,Non-admitted,206
2025-05-15,2025-03-07,9,330,Dermatology,Medicine,Admitted,36
2025-05-15,2025-03-07,9,502,Gynaecology,Family Health,Non-admitted,150
2025-05-15,2025-03-07,9,502,Gynaecology,Family Health,Admitted,42
2025-05-15,2025-02-28,10,101,Urology,Surgery and Associated Services,Non-admitted,148
2025-05-15,2025-02-28,10,101,Urology,Surgery and Associated Services,Admitted,22
2025-05-15,2025-02-28,10,120,ENT,Surgery and Associated Services,Non-admitted,190
2025-05-15,2025-02-28,10,120,ENT,Surgery and Associated Services,Admitted,47
2025-05-15,2025-02-28,10,301,Gastroenterology,Medicine,Non-admitted,154
2025-05-15,2025-02-28,10,330,Dermatology,Medicine,Non-admitted,156
2025-05-15,2025-02-28,10,330,Dermatology,Medicine,Admitted,30
2025-05-15,2025-02-28,10,502,Gynaecology,Family Health,Non-admitted,127
2025-05-15,2025-02-28,10,502,Gynaecology,Family Health,Admitted,25
2025-05-15,2025-02-21,11,101,Urology,Surgery and Associated Services,Non-admitted,117
2025-05-15,2025-02-21,11,101,Urology,Surgery and Associated Services,Admitted,23
2025-05-15,2025-02-21,11,120,ENT,Surgery and Associated Services,Non-admitted,166
2025-05-15,2025-02-21,11,120,ENT,Surgery and Associated Services,Admitted,31
2025-05-15,2025-02-21,11,301,Gastroenterology,Medicine,Non-admitted,156
2025-05-15,2025-02-21,11,301,Gastroenterology,Medicine,Admitted,1
2025-05-15,2025-02-21,11,330,Dermatology,Medicine,Non-admitted,150
2025-05-15,2025-02-21,11,330,Dermatology,Medicine,Admitted,29
2025-05-15,2025-02-21,11,502,Gynaecology,Family Health,Non-admitted,101
2025-05-15,2025-02-21,11,502,Gynaecology,Family Health,Admitted,24
2025-05-15,2025-02-14,12,101,Urology,Surgery and Associated Services,Non-admitted,117
2025-05-15,2025-02-14,12,101,Urology,Surgery and Associated Services,Admitted,18
2025-05-15,2025-02-14,12,120,ENT,Surgery and Associated Services,Non-admitted,179
2025-05-15,2025-02-14,12,120,ENT,Surgery and Associated Services,Admitted,45
2025-05-15,2025-02-14,12,301,Gastroenterology,Medicine,Non-admitted,152
2025-05-15,2025-02-14,12,330,Dermatology,Medicine,Non-admitted,118
2025-05-15,2025-02-14,12,330,Dermatology,Medicine,Admitted,31
2025-05-15,2025-02-14,12,502,Gynaecology,Family Health,Non-admitted,138
2025-05-15,2025-02-14,12,502,Gynaecology,Family Health,Admitted,21
2025-05-15,2025-02-07,13,101,Urology,Surgery and Associated Services,Non-admitted,126
2025-05-15,2025-02-07,13,101,Urology,Surgery and Associated Services,Admitted,28
2025-05-15,2025-02-07,13,120,ENT,Surgery and Associated Services,Non-admitted,154
2025-05-15,2025-02-07,13,120,ENT,Surgery and Associated Services,Admitted,36
2025-05-15,2025-02-07,13,301,Gastroenterology,Medicine,Non-admitted,141
2025-05-15,2025-02-07,13,330,Dermatology,Medicine,Non-admitted,97
2025-05-15,2025-02-07,13,330,Dermatology,Medicine,Admitted,32
2025-05-15,2025-02-07,13,502,Gynaecology,Family Health,Non-admitted,106
2025-05-15,2025-02-07,13,502,Gynaecology,Family Health,Admitted,21
2025-05-15,2025-01-31,14,101,Urology,Surgery and Associated Services,Non-admitted,114
2025-05-15,2025-01-31,14,101,Urology,Surgery and Associated Services,Admitted,32
2025-05-15,2025-01-31,14,120,ENT,Surgery and Associated Services,Non-admitted,140
2025-05-15,2025-01-31,14,120,ENT,Surgery and Associated Services,Admitted,34
2025-05-15,2025-01-31,14,301,Gastroenterology,Medicine,Non-admitted,162
2025-05-15,2025-01-31,14,330,Dermatology,Medicine,Non-admitted,127
2025-05-15,2025-01-31,14,330,Dermatology,Medicine,Admitted,33
2025-05-15,2025-01-31,14,502,Gynaecology,Family Health,Non-admitted,96
2025-05-15,2025-01-31,14,502,Gynaecology,Family Health,Admitted,19
2025-05-15,2025-01-24,15,101,Urology,Surgery and Associated Services,Non-admitted,90
2025-05-15,2025-01-24,15,101,Urology,Surgery and Associated Services,Admitted,22
2025-05-15,2025-01-24,15,120,ENT,Surgery and Associated Services,Non-admitted,161
2025-05-15,2025-01-24,15,120,ENT,Surgery and Associated Services,Admitted,51
2025-05-15,2025-01-24,15,301,Gastroenterology,Medicine,Non-admitted,135
2025-05-15,2025-01-24,15,330,Dermatology,Medicine,Non-admitted,115
2025-05-15,2025-01-24,15,330,Dermatology,Medicine,Admitted,26
2025-05-15,2025-01-24,15,502,Gynaecology,Family Health,Non-admitted,108
2025-05-15,2025-01-24,15,502,Gynaecology,Family Health,Admitted,25
2025-05-15,2025-01-17,16,101,Urology,Surgery and Associated Services,Non-admitted,117
2025-05-15,2025-01-17,16,101,Urology,Surgery and Associated Services,Admitted,12
2025-05-15,2025-01-17,16,120,ENT,Surgery and Associated Services,Non-admitted,171
2025-05-15,2025-01-17,16,120,ENT,Surgery and Associated Services,Admitted,36
2025-05-15,2025-01-17,16,301,Gastroenterology,Medicine,Non-admitted,150
2025-05-15,2025-01-17,16,301,Gastroenterology,Medicine,Admitted,1
2025-05-15,2025-01-17,16,330,Dermatology,Medicine,Non-admitted,97
2025-05-15,2025-01-17,16,330,Dermatology,Medicine,Admitted,38
2025-05-15,2025-01-17,16,502,Gynaecology,Family Health,Non-admitted,84
2025-05-15,2025-01-17,16,502,Gynaecology,Family Health,Admitted,22
2025-05-15,2025-01-10,17,101,Urology,Surgery and Associated Services,Non-admitted,110
2025-05-15,2025-01-10,17,101,Urology,Surgery and Associated Services,Admitted,29
2025-05-15,2025-01-10,17,120,ENT,Surgery and Associated Services,Non-admitted,111
2025-05-15,2025-01-10,17,120,ENT,Surgery and Associated Services,Admitted,27
2025-05-15,2025-01-10,17,301,Gastroenterology,Medicine,Non-admitted,152
2025-05-15,2025-01-10,17,330,Dermatology,Medicine,Non-admitted,104
2025-05-15,2025-01-10,17,330,Dermatology,Medicine,Admitted,24
2025-05-15,2025-01-10,17,502,Gynaecology,Family Health,Non-admitted,89
2025-05-15,2025-01-10,17,502,Gynaecology,Family Health,Admitted,28
2025-05-15,2025-01-03,18,101,Urology,Surgery and Associated Services,Non-admitted,113
2025-05-15,2025-01-03,18,101,Urology,Surgery and Associated Services,Admitted,21
2025-05-15,2025-01-03,18,120,ENT,Surgery and Associated Services,Non-admitted,90
2025-05-15,2025-01-03,18,120,ENT,Surgery and Associated Services,Admitted,22
2025-05-15,2025-01-03,18,301,Gastroenterology,Medicine,Non-admitted,137
2025-05-15,2025-01-03,18,301,Gastroenterology,Medicine,Admitted,1
2025-05-15,2025-01-03,18,330,Dermatology,Medicine,Non-admitted,60
2025-05-15,2025-01-03,18,330,Dermatology,Medicine,Admitted,28
2025-05-15,2025-01-03,18,502,Gynaecology,Family Health,Non-admitted,57
2025-05-15,2025-01-03,18,502,Gynaecology,Family Health,Admitted,14
2025-05-15,2024-12-27,19,101,Urology,Surgery and Associated Services,Non-admitted,36
2025-05-15,2024-12-27,19,101,Urology,Surgery and Associated Services,Admitted,16
2025-05-15,2024-12-27,19,120,ENT,Surgery and Associated Services,Non-admitted,51
2025-05-15,2024-12-27,19,120,ENT,Surgery and Associated Services,Admitted,13
2025-05-15,2024-12-27,19,301,Gastroenterology,Medicine,Non-admitted,65
2025-05-15,2024-12-27,19,330,Dermatology,Medicine,Non-admitted,44
2025-05-15,2024-12-27,19,330,Dermatology,Medicine,Admitted,9
2025-05-15,2024-12-27,19,502,Gynaecology,Family Health,Non-admitted,27
2025-05-15,2024-12-27,19,502,Gynaecology,Family Health,Admitted,9
2025-05-15,2024-12-20,20,101,Urology,Surgery and Associated Services,Non-admitted,95
2025-05-15,2024-12-20,20,101,Urology,Surgery and Associated Services,Admitted,17
2025-05-15,2024-12-20,20,120,ENT,Surgery and Associated Services,Non-admitted,73
2025-05-15,2024-12-20,20,120,ENT,Surgery and Associated Services,Admitted,27
2025-05-15,2024-12-20,20,301,Gastroenterology,Medicine,Non-admitted,140
2025-05-15,2024-12-20,20,330,Dermatology,Medicine,Non-admitted,59
2025-05-15,2024-12-20,20,330,Dermatology,Medicine,Admitted,21
2025-05-15,2024-12-20,20,502,Gynaecology,Family Health,Non-admitted,53
2025-05-15,2024-12-20,20,502,Gynaecology,Family Health,Admitted,8
2025-05-15,2024-12-13,21,101,Urology,Surgery and Associated Services,Non-admitted,90
2025-05-15,2024-12-13,21,101,Urology,Surgery and Associated Services,Admitted,18
2025-05-15,2024-12-13,21,120,ENT,Surgery and Associated Services,Non-admitted,126
2025-05-15,2024-12-13,21,120,ENT,Surgery and Associated Services,Admitted,25
2025-05-15,2024-12-13,21,301,Gastroenterology,Medicine,Non-admitted,142
2025-05-15,2024-12-13,21,330,Dermatology,Medicine,Non-admitted,63
2025-05-15,2024-12-13,21,330,Dermatology,Medicine,Admitted,23
2025-05-15,2024-12-13,21,502,Gynaecology,Family Health,Non-admitted,56
2025-05-15,2024-12-13,21,502,Gynaecology,Family Health,Admitted,29
2025-05-15,2024-12-06,22,101,Urology,Surgery and Associated Services,Non-admitted,99
2025-05-15,2024-12-06,22,101,Urology,Surgery and Associated Services,Admitted,19
2025-05-15,2024-12-06,22,120,ENT,Surgery and Associated Services,Non-admitted,116
2025-05-15,2024-12-06,22,120,ENT,Surgery and Associated Services,Admitted,25
2025-05-15,2024-12-06,22,301,Gastroenterology,Medicine,Non-admitted,139
2025-05-15,2024-12-06,22,330,Dermatology,Medicine,Non-admitted,62
2025-05-15,2024-12-06,22,330,Dermatology,Medicine,Admitted,18
2025-05-15,2024-12-06,22,502,Gynaecology,Family Health,Non-admitted,80
2025-05-15,2024-12-06,22,502,Gynaecology,Family Health,Admitted,20
2025-05-15,2024-11-29,23,101,Urology,Surgery and Associated Services,Non-admitted,87
2025-05-15,2024-11-29,23,101,Urology,Surgery and Associated Services,Admitted,20
2025-05-15,2024-11-29,23,120,ENT,Surgery and Associated Services,Non-admitted,97
2025-05-15,2024-11-29,23,120,ENT,Surgery and Associated Services,Admitted,22
2025-05-15,2024-11-29,23,301,Gastroenterology,Medicine,Non-admitted,118
2025-05-15,2024-11-29,23,330,Dermatology,Medicine,Non-admitted,74
2025-05-15,2024-11-29,23,330,Dermatology,Medicine,Admitted,42
2025-05-15,2024-11-29,23,502,Gynaecology,Family Health,Non-admitted,65
2025-05-15,2024-11-29,23,502,Gynaecology,Family Health,Admitted,16
2025-05-15,2024-11-22,24,101,Urology,Surgery and Associated Services,Non-admitted,63
2025-05-15,2024-11-22,24,101,Urology,Surgery and Associated Services,Admitted,12
2025-05-15,2024-11-22,24,120,ENT,Surgery and Associated Services,Non-admitted,116
2025-05-15,2024-11-22,24,120,ENT,Surgery and Associated Services,Admitted,27
2025-05-15,2024-11-22,24,301,Gastroenterology,Medicine,Non-admitted,123
2025-05-15,2024-11-22,24,301,Gastroenterology,Medicine,Admitted,1
2025-05-15,2024-11-22,24,330,Dermatology,Medicine,Non-admitted,72
2025-05-15,2024-11-22,24,330,Dermatology,Medicine,Admitted,20
2025-05-15,2024-11-22,24,502,Gynaecology,Family Health,Non-admitted,66
2025-05-15,2024-11-22,24,502,Gynaecology,Family Health,Admitted,16
2025-05-15,2024-11-15,25,101,Urology,Surgery and Associated Services,Non-admitted,81
2025-05-15,2024-11-15,25,101,Urology,Surgery and Associated Services,Admitted,18
2025-05-15,2024-11-15,25,120,ENT,Surgery and Associated Services,Non-admitted,95
2025-05-15,2024-11-15,25,120,ENT,Surgery and Associated Services,Admitted,25
2025-05-15,2024-11-15,25,301,Gastroenterology,Medicine,Non-admitted,129
2025-05-15,2024-11-15,25,330,Dermatology,Medicine,Non-admitted,84
2025-05-15,2024-11-15,25,330,Dermatology,Medicine,Admitted,26
2025-05-15,2024-11-15,25,502,Gynaecology,Family Health,Non-admitted,87
2025-05-15,2024-11-15,25,502,Gynaecology,Family Health,Admitted,18
2025-05-15,2024-11-08,26,101,Urology,Surgery and Associated Services,Non-admitted,109
2025-05-15,2024-11-08,26,101,Urology,Surgery and Associated Services,Admitted,24
2025-05-15,2024-11-08,26,120,ENT,Surgery and Associated Services,Non-admitted,93
2025-05-15,2024-11-08,26,120,ENT,Surgery and Associated Services,Admitted,37
2025-05-15,2024-11-08,26,301,Gastroenterology,Medicine,Non-admitted,124
2025-05-15,2024-11-08,26,330,Dermatology,Medicine,Non-admitted,69
2025-05-15,2024-11-08,26,330,Dermatology,Medicine,Admitted,41
2025-05-15,2024-11-08,26,502,Gynaecology,Family Health,Non-admitted,83
2025-05-15,2024-11-08,26,502,Gynaecology,Family Health,Admitted,23
2025-05-15,2024-11-01,27,101,Urology,Surgery and Associated Services,Non-admitted,60
2025-05-15,2024-11-01,27,101,Urology,Surgery and Associated Services,Admitted,23
2025-05-15,2024-11-01,27,120,ENT,Surgery and Associated Services,Non-admitted,103
2025-05-15,2024-11-01,27,120,ENT,Surgery and Associated Services,Admitted,28
2025-05-15,2024-11-01,27,301,Gastroenterology,Medicine,Non-admitted,113
2025-05-15,2024-11-01,27,330,Dermatology,Medicine,Non-admitted,100
2025-05-15,2024-11-01,27,330,Dermatology,Medicine,Admitted,18
2025-05-15,2024-11-01,27,502,Gynaecology,Family Health,Non-admitted,55
2025-05-15,2024-11-01,27,502,Gynaecology,Family Health,Admitted,21
2025-05-15,2024-10-25,28,101,Urology,Surgery and Associated Services,Non-admitted,65
2025-05-15,2024-10-25,28,101,Urology,Surgery and Associated Services,Admitted,18
2025-05-15,2024-10-25,28,120,ENT,Surgery and Associated Services,Non-admitted,70
2025-05-15,2024-10-25,28,120,ENT,Surgery and Associated Services,Admitted,21
2025-05-15,2024-10-25,28,301,Gastroenterology,Medicine,Non-admitted,122
2025-05-15,2024-10-25,28,301,Gastroenterology,Medicine,Admitted,1
2025-05-15,2024-10-25,28,330,Dermatology,Medicine,Non-admitted,76
2025-05-15,2024-10-25,28,330,Dermatology,Medicine,Admitted,12
2025-05-15,2024-10-25,28,502,Gynaecology,Family Health,Non-admitted,84
2025-05-15,2024-10-25,28,502,Gynaecology,Family Health,Admitted,10
2025-05-15,2024-10-18,29,101,Urology,Surgery and Associated Services,Non-admitted,64
2025-05-15,2024-10-18,29,101,Urology,Surgery and Associated Services,Admitted,15
2025-05-15,2024-10-18,29,120,ENT,Surgery and Associated Services,Non-admitted,69
2025-05-15,2024-10-18,29,120,ENT,Surgery and Associated Services,Admitted,31
2025-05-15,2024-10-18,29,301,Gastroenterology,Medicine,Non-admitted,110
2025-05-15,2024-10-18,29,330,Dermatology,Medicine,Non-admitted,90
2025-05-15,2024-10-18,29,330,Dermatology,Medicine,Admitted,19
2025-05-15,2024-10-18,29,502,Gynaecology,Family Health,Non-admitted,59
2025-05-15,2024-10-18,29,502,Gynaecology,Family Health,Admitted,30
2025-05-15,2024-10-11,30,101,Urology,Surgery and Associated Services,Non-admitted,87
2025-05-15,2024-10-11,30,101,Urology,Surgery and Associated Services,Admitted,25
2025-05-15,2024-10-11,30,120,ENT,Surgery and Associated Services,Non-admitted,98
2025-05-15,2024-10-11,30,120,ENT,Surgery and Associated Services,Admitted,17
2025-05-15,2024-10-11,30,301,Gastroenterology,Medicine,Non-admitted,137
2025-05-15,2024-10-11,30,330,Dermatology,Medicine,Non-admitted,73
2025-05-15,2024-10-11,30,330,Dermatology,Medicine,Admitted,19
2025-05-15,2024-10-11,30,502,Gynaecology,Family Health,Non-admitted,61
2025-05-15,2024-10-11,30,502,Gynaecology,Family Health,Admitted,13
2025-05-15,2024-10-04,31,101,Urology,Surgery and Associated Services,Non-admitted,54
2025-05-15,2024-10-04,31,101,Urology,Surgery and Associated Services,Admitted,19
2025-05-15,2024-10-04,31,120,ENT,Surgery and Associated Services,Non-admitted,116
2025-05-15,2024-10-04,31,120,ENT,Surgery and Associated Services,Admitted,25
2025-05-15,2024-10-04,31,301,Gastroenterology,Medicine,Non-admitted,112
2025-05-15,2024-10-04,31,330,Dermatology,Medicine,Non-admitted,81
2025-05-15,2024-10-04,31,330,Dermatology,Medicine,Admitted,12
2025-05-15,2024-10-04,31,502,Gynaecology,Family Health,Non-admitted,71
2025-05-15,2024-10-04,31,502,Gynaecology,Family Health,Admitted,24
2025-05-15,2024-09-27,32,101,Urology,Surgery and Associated Services,Non-admitted,56
2025-05-15,2024-09-27,32,101,Urology,Surgery and Associated Services,Admitted,22
2025-05-15,2024-09-27,32,120,ENT,Surgery and Associated Services,Non-admitted,130
2025-05-15,2024-09-27,32,120,ENT,Surgery and Associated Services,Admitted,36
2025-05-15,2024-09-27,32,301,Gastroenterology,Medicine,Non-admitted,116
2025-05-15,2024-09-27,32,330,Dermatology,Medicine,Non-admitted,61
2025-05-15,2024-09-27,32,330,Dermatology,Medicine,Admitted,12
2025-05-15,2024-09-27,32,502,Gynaecology,Family Health,Non-admitted,58
2025-05-15,2024-09-27,32,502,Gynaecology,Family Health,Admitted,11
2025-05-15,2024-09-20,33,101,Urology,Surgery and Associated Services,Non-admitted,47
2025-05-15,2024-09-20,33,101,Urology,Surgery and Associated Services,Admitted,16
2025-05-15,2024-09-20,33,120,ENT,Surgery and Associated Services,Non-admitted,89
2025-05-15,2024-09-20,33,120,ENT,Surgery and Associated Services,Admitted,20
2025-05-15,2024-09-20,33,301,Gastroenterology,Medicine,Non-admitted,119
2025-05-15,2024-09-20,33,330,Dermatology,Medicine,Non-admitted,100
2025-05-15,2024-09-20,33,330,Dermatology,Medicine,Admitted,18
2025-05-15,2024-09-20,33,502,Gynaecology,Family Health,Non-admitted,77
2025-05-15,2024-09-20,33,502,Gynaecology,Family Health,Admitted,26
2025-05-15,2024-09-13,34,101,Urology,Surgery and Associated Services,Non-admitted,42
2025-05-15,2024-09-13,34,101,Urology,Surgery and Associated Services,Admitted,13
2025-05-15,2024-09-13,34,120,ENT,Surgery and Associated Services,Non-admitted,74
2025-05-15,2024-09-13,34,120,ENT,Surgery and Associated Services,Admitted,35
2025-05-15,2024-09-13,34,301,Gastroenterology,Medicine,Non-admitted,118
2025-05-15,2024-09-13,34,330,Dermatology,Medicine,Non-admitted,79
2025-05-15,2024-09-13,34,330,Dermatology,Medicine,Admitted,11
2025-05-15,2024-09-13,34,502,Gynaecology,Family Health,Non-admitted,73
2025-05-15,2024-09-13,34,502,Gynaecology,Family Health,Admitted,15
2025-05-15,2024-09-06,35,101,Urology,Surgery and Associated Services,Non-admitted,47
2025-05-15,2024-09-06,35,101,Urology,Surgery and Associated Services,Admitted,17
2025-05-15,2024-09-06,35,120,ENT,Surgery and Associated Services,Non-admitted,68
2025-05-15,2024-09-06,35,120,ENT,Surgery and Associated Services,Admitted,21
2025-05-15,2024-09-06,35,301,Gastroenterology,Medicine,Non-admitted,97
2025-05-15,2024-09-06,35,301,Gastroenterology,Medicine,Admitted,1
2025-05-15,2024-09-06,35,330,Dermatology,Medicine,Non-admitted,78
2025-05-15,2024-09-06,35,330,Dermatology,Medicine,Admitted,16
2025-05-15,2024-09-06,35,502,Gynaecology,Family Health,Non-admitted,64
2025-05-15,2024-09-06,35,502,Gynaecology,Family Health,Admitted,18
2025-05-15,2024-08-30,36,101,Urology,Surgery and Associated Services,Non-admitted,45
2025-05-15,2024-08-30,36,101,Urology,Surgery and Associated Services,Admitted,22
2025-05-15,2024-08-30,36,120,ENT,Surgery and Associated Services,Non-admitted,54
2025-05-15,2024-08-30,36,120,ENT,Surgery and Associated Services,Admitted,24
2025-05-15,2024-08-30,36,301,Gastroenterology,Medicine,Non-admitted,109
2025-05-15,2024-08-30,36,330,Dermatology,Medicine,Non-admitted,64
2025-05-15,2024-08-30,36,330,Dermatology,Medicine,Admitted,10
2025-05-15,2024-08-30,36,502,Gynaecology,Family Health,Non-admitted,46
2025-05-15,2024-08-30,36,502,Gynaecology,Family Health,Admitted,21
2025-05-15,2024-08-23,37,101,Urology,Surgery and Associated Services,Non-admitted,35
2025-05-15,2024-08-23,37,101,Urology,Surgery and Associated Services,Admitted,16
2025-05-15,2024-08-23,37,120,ENT,Surgery and Associated Services,Non-admitted,57
2025-05-15,2024-08-23,37,120,ENT,Surgery and Associated Services,Admitted,13
2025-05-15,2024-08-23,37,301,Gastroenterology,Medicine,Non-admitted,79
2025-05-15,2024-08-23,37,330,Dermatology,Medicine,Non-admitted,53
2025-05-15,2024-08-23,37,330,Dermatology,Medicine,Admitted,9
2025-05-15,2024-08-23,37,502,Gynaecology,Family Health,Non-admitted,33
2025-05-15,2024-08-23,37,502,Gynaecology,Family Health,Admitted,22
2025-05-15,2024-08-16,38,101,Urology,Surgery and Associated Services,Non-admitted,37
2025-05-15,2024-08-16,38,101,Urology,Surgery and Associated Services,Admitted,9
2025-05-15,2024-08-16,38,120,ENT,Surgery and Associated Services,Non-admitted,69
2025-05-15,2024-08-16,38,120,ENT,Surgery and Associated Services,Admitted,19
2025-05-15,2024-08-16,38,301,Gastroenterology,Medicine,Non-admitted,85
2025-05-15,2024-08-16,38,330,Dermatology,Medicine,Non-admitted,77
2025-05-15,2024-08-16,38,330,Dermatology,Medicine,Admitted,10
2025-05-15,2024-08-16,38,502,Gynaecology,Family Health,Non-admitted,48
2025-05-15,2024-08-16,38,502,Gynaecology,Family Health,Admitted,23
2025-05-15,2024-08-09,39,101,Urology,Surgery and Associated Services,Non-admitted,59
2025-05-15,2024-08-09,39,101,Urology,Surgery and Associated Services,Admitted,15
2025-05-15,2024-08-09,39,120,ENT,Surgery and Associated Services,Non-admitted,44
2025-05-15,2024-08-09,39,120,ENT,Surgery and Associated Services,Admitted,17
2025-05-15,2024-08-09,39,301,Gastroenterology,Medicine,Non-admitted,96
2025-05-15,2024-08-09,39,330,Dermatology,Medicine,Non-admitted,72
2025-05-15,2024-08-09,39,330,Dermatology,Medicine,Admitted,7
2025-05-15,2024-08-09,39,502,Gynaecology,Family Health,Non-admitted,46
2025-05-15,2024-08-09,39,502,Gynaecology,Family Health,Admitted,18
2025-05-15,2024-08-02,40,101,Urology,Surgery and Associated Services,Non-admitted,54
2025-05-15,2024-08-02,40,101,Urology,Surgery and Associated Services,Admitted,21
2025-05-15,2024-08-02,40,120,ENT,Surgery and Associated Services,Non-admitted,62
2025-05-15,2024-08-02,40,120,ENT,Surgery and Associated Services,Admitted,19
2025-05-15,2024-08-02,40,301,Gastroenterology,Medicine,Non-admitted,102
2025-05-15,2024-08-02,40,330,Dermatology,Medicine,Non-admitted,58
2025-05-15,2024-08-02,40,330,Dermatology,Medicine,Admitted,12
2025-05-15,2024-08-02,40,502,Gynaecology,Family Health,Non-admitted,36
2025-05-15,2024-08-02,40,502,Gynaecology,Family Health,Admitted,13
2025-05-15,2024-07-26,41,101,Urology,Surgery and Associated Services,Non-admitted,47
2025-05-15,2024-07-26,41,101,Urology,Surgery and Associated Services,Admitted,15
2025-05-15,2024-07-26,41,120,ENT,Surgery and Associated Services,Non-admitted,62
2025-05-15,2024-07-26,41,120,ENT,Surgery and Associated Services,Admitted,23
2025-05-15,2024-07-26,41,301,Gastroenterology,Medicine,Non-admitted,97
2025-05-15,2024-07-26,41,301,Gastroenterology,Medicine,Admitted,1
2025-05-15,2024-07-26,41,330,Dermatology,Medicine,Non-admitted,77
2025-05-15,2024-07-26,41,330,Dermatology,Medicine,Admitted,9
2025-05-15,2024-07-26,41,502,Gynaecology,Family Health,Non-admitted,41
2025-05-15,2024-07-26,41,502,Gynaecology,Family Health,Admitted,14
2025-05-15,2024-07-19,42,101,Urology,Surgery and Associated Services,Non-admitted,48
2025-05-15,2024-07-19,42,101,Urology,Surgery and Associated Services,Admitted,16
2025-05-15,2024-07-19,42,120,ENT,Surgery and Associated Services,Non-admitted,45
2025-05-15,2024-07-19,42,120,ENT,Surgery and Associated Services,Admitted,20
2025-05-15,2024-07-19,42,301,Gastroenterology,Medicine,Non-admitted,85
2025-05-15,2024-07-19,42,330,Dermatology,Medicine,Non-admitted,59
2025-05-15,2024-07-19,42,330,Dermatology,Medicine,Admitted,2
2025-05-15,2024-07-19,42,502,Gynaecology,Family Health,Non-admitted,51
2025-05-15,2024-07-19,42,502,Gynaecology,Family Health,Admitted,19
2025-05-15,2024-07-12,43,101,Urology,Surgery and Associated Services,Non-admitted,47
2025-05-15,2024-07-12,43,101,Urology,Surgery and Associated Services,Admitted,18
2025-05-15,2024-07-12,43,120,ENT,Surgery and Associated Services,Non-admitted,73
2025-05-15,2024-07-12,43,120,ENT,Surgery and Associated Services,Admitted,29
2025-05-15,2024-07-12,43,301,Gastroenterology,Medicine,Non-admitted,74
2025-05-15,2024-07-12,43,330,Dermatology,Medicine,Non-admitted,63
2025-05-15,2024-07-12,43,330,Dermatology,Medicine,Admitted,12
2025-05-15,2024-07-12,43,502,Gynaecology,Family Health,Non-admitted,31
2025-05-15,2024-07-12,43,502,Gynaecology,Family Health,Admitted,17
2025-05-15,2024-07-05,44,101,Urology,Surgery and Associated Services,Non-admitted,48
2025-05-15,2024-07-05,44,101,Urology,Surgery and Associated Services,Admitted,18
2025-05-15,2024-07-05,44,120,ENT,Surgery and Associated Services,Non-admitted,47
2025-05-15,2024-07-05,44,120,ENT,Surgery and Associated Services,Admitted,12
2025-05-15,2024-07-05,44,301,Gastroenterology,Medicine,Non-admitted,105
2025-05-15,2024-07-05,44,301,Gastroenterology,Medicine,Admitted,2
2025-05-15,2024-07-05,44,330,Dermatology,Medicine,Non-admitted,85
2025-05-15,2024-07-05,44,330,Dermatology,Medicine,Admitted,4
2025-05-15,2024-07-05,44,502,Gynaecology,Family Health,Non-admitted,31
2025-05-15,2024-07-05,44,502,Gynaecology,Family Health,Admitted,17
2025-05-15,2024-06-28,45,101,Urology,Surgery and Associated Services,Non-admitted,57
2025-05-15,2024-06-28,45,101,Urology,Surgery and Associated Services,Admitted,14
2025-05-15,2024-06-28,45,120,ENT,Surgery and Associated Services,Non-admitted,40
2025-05-15,2024-06-28,45,120,ENT,Surgery and Associated Services,Admitted,14
2025-05-15,2024-06-28,45,301,Gastroenterology,Medicine,Non-admitted,50
2025-05-15,2024-06-28,45,301,Gastroenterology,Medicine,Admitted,1
2025-05-15,2024-06-28,45,330,Dermatology,Medicine,Non-admitted,79
2025-05-15,2024-06-28,45,330,Dermatology,Medicine,Admitted,12
2025-05-15,2024-06-28,45,502,Gynaecology,Family Health,Non-admitted,20
2025-05-15,2024-06-28,45,502,Gynaecology,Family Health,Admitted,17
2025-05-15,2024-06-21,46,101,Urology,Surgery and Associated Services,Non-admitted,37
2025-05-15,2024-06-21,46,101,Urology,Surgery and Associated Services,Admitted,11
2025-05-15,2024-06-21,46,120,ENT,Surgery and Associated Services,Non-admitted,25
2025-05-15,2024-06-21,46,120,ENT,Surgery and Associated Services,Admitted,16
2025-05-15,2024-06-21,46,301,Gastroenterology,Medicine,Non-admitted,33
2025-05-15,2024-06-21,46,330,Dermatology,Medicine,Non-admitted,75
2025-05-15,2024-06-21,46,330,Dermatology,Medicine,Admitted,9
2025-05-15,2024-06-21,46,502,Gynaecology,Family Health,Non-admitted,12
2025-05-15,2024-06-21,46,502,Gynaecology,Family Health,Admitted,19
2025-05-15,2024-06-14,47,101,Urology,Surgery and Associated Services,Non-admitted,33
2025-05-15,2024-06-14,47,101,Urology,Surgery and Associated Services,Admitted,15
2025-05-15,2024-06-14,47,120,ENT,Surgery and Associated Services,Non-admitted,16
2025-05-15,2024-06-14,47,120,ENT,Surgery and Associated Services,Admitted,18
2025-05-15,2024-06-14,47,301,Gastroenterology,Medicine,Non-admitted,3
2025-05-15,2024-06-14,47,301,Gastroenterology,Medicine,Admitted,1
2025-05-15,2024-06-14,47,330,Dermatology,Medicine,Non-admitted,65
2025-05-15,2024-06-14,47,330,Dermatology,Medicine,Admitted,9
2025-05-15,2024-06-14,47,502,Gynaecology,Family Health,Non-admitted,16
2025-05-15,2024-06-14,47,502,Gynaecology,Family Health,Admitted,18
2025-05-15,2024-06-07,48,101,Urology,Surgery and Associated Services,Non-admitted,45
2025-05-15,2024-06-07,48,101,Urology,Surgery and Associated Services,Admitted,15
2025-05-15,2024-06-07,48,120,ENT,Surgery and Associated Services,Non-admitted,18
2025-05-15,2024-06-07,48,120,ENT,Surgery and Associated Services,Admitted,22
2025-05-15,2024-06-07,48,301,Gastroenterology,Medicine,Non-admitted,8
2025-05-15,2024-06-07,48,330,Dermatology,Medicine,Non-admitted,75
2025-05-15,2024-06-07,48,330,Dermatology,Medicine,Admitted,10
2025-05-15,2024-06-07,48,502,Gynaecology,Family Health,Non-admitted,19
2025-05-15,2024-06-07,48,502,Gynaecology,Family Health,Admitted,11
2025-05-15,2024-05-31,49,101,Urology,Surgery and Associated Services,Non-admitted,39
2025-05-15,2024-05-31,49,101,Urology,Surgery and Associated Services,Admitted,22
2025-05-15,2024-05-31,49,120,ENT,Surgery and Associated Services,Non-admitted,17
2025-05-15,2024-05-31,49,120,ENT,Surgery and Associated Services,Admitted,14
2025-05-15,2024-05-31,49,301,Gastroenterology,Medicine,Non-admitted,6
2025-05-15,2024-05-31,49,330,Dermatology,Medicine,Non-admitted,44
2025-05-15,2024-05-31,49,330,Dermatology,Medicine,Admitted,9
2025-05-15,2024-05-31,49,502,Gynaecology,Family Health,Non-admitted,17
2025-05-15,2024-05-31,49,502,Gynaecology,Family Health,Admitted,17
2025-05-15,2024-05-24,50,101,Urology,Surgery and Associated Services,Non-admitted,19
2025-05-15,2024-05-24,50,101,Urology,Surgery and Associated Services,Admitted,10
2025-05-15,2024-05-24,50,120,ENT,Surgery and Associated Services,Non-admitted,9
2025-05-15,2024-05-24,50,120,ENT,Surgery and Associated Services,Admitted,9
2025-05-15,2024-05-24,50,301,Gastroenterology,Medicine,Non-admitted,4
2025-05-15,2024-05-24,50,330,Dermatology,Medicine,Non-admitted,20
2025-05-15,2024-05-24,50,330,Dermatology,Medicine,Admitted,8
2025-05-15,2024-05-24,50,502,Gynaecology,Family Health,Non-admitted,24
2025-05-15,2024-05-24,50,502,Gynaecology,Family Health,Admitted,19
2025-05-15,2024-05-17,51,101,Urology,Surgery and Associated Services,Non-admitted,30
2025-05-15,2024-05-17,51,101,Urology,Surgery and Associated Services,Admitted,10
2025-05-15,2024-05-17,51,120,ENT,Surgery and Associated Services,Non-admitted,22
2025-05-15,2024-05-17,51,120,ENT,Surgery and Associated Services,Admitted,19
2025-05-15,2024-05-17,51,301,Gastroenterology,Medicine,Non-admitted,8
2025-05-15,2024-05-17,51,330,Dermatology,Medicine,Non-admitted,16
2025-05-15,2024-05-17,51,330,Dermatology,Medicine,Admitted,12
2025-05-15,2024-05-17,51,502,Gynaecology,Family Health,Non-admitted,17
2025-05-15,2024-05-17,51,502,Gynaecology,Family Health,Admitted,15
2025-05-15,2024-05-10,52,101,Urology,Surgery and Associated Services,Non-admitted,42
2025-05-15,2024-05-10,52,101,Urology,Surgery and Associated Services,Admitted,15
2025-05-15,2024-05-10,52,120,ENT,Surgery and Associated Services,Non-admitted,21
2025-05-15,2024-05-10,52,120,ENT,Surgery and Associated Services,Admitted,19
2025-05-15,2024-05-10,52,301,Gastroenterology,Medicine,Non-admitted,4
2025-05-15,2024-05-10,52,330,Dermatology,Medicine,Non-admitted,8
2025-05-15,2024-05-10,52,330,Dermatology,Medicine,Admitted,10
2025-05-15,2024-05-10,52,502,Gynaecology,Family Health,Non-admitted,21
2025-05-15,2024-05-10,52,502,Gynaecology,Family Health,Admitted,15
2025-05-15,2024-05-03,53,101,Urology,Surgery and Associated Services,Non-admitted,29
2025-05-15,2024-05-03,53,101,Urology,Surgery and Associated Services,Admitted,16
2025-05-15,2024-05-03,53,120,ENT,Surgery and Associated Services,Non-admitted,15
2025-05-15,2024-05-03,53,120,ENT,Surgery and Associated Services,Admitted,13
2025-05-15,2024-05-03,53,301,Gastroenterology,Medicine,Non-admitted,1
2025-05-15,2024-05-03,53,330,Dermatology,Medicine,Non-admitted,4
2025-05-15,2024-05-03,53,330,Dermatology,Medicine,Admitted,14
2025-05-15,2024-05-03,53,502,Gynaecology,Family Health,Non-admitted,16
2025-05-15,2024-05-03,53,502,Gynaecology,Family Health,Admitted,8
2025-05-15,2024-04-26,54,101,Urology,Surgery and Associated Services,Non-admitted,32
2025-05-15,2024-04-26,54,101,Urology,Surgery and Associated Services,Admitted,12
2025-05-15,2024-04-26,54,120,ENT,Surgery and Associated Services,Non-admitted,21
2025-05-15,2024-04-26,54,120,ENT,Surgery and Associated Services,Admitted,13
2025-05-15,2024-04-26,54,301,Gastroenterology,Medicine,Non-admitted,3
2025-05-15,2024-04-26,54,330,Dermatology,Medicine,Non-admitted,4
2025-05-15,2024-04-26,54,330,Dermatology,Medicine,Admitted,9
2025-05-15,2024-04-26,54,502,Gynaecology,Family Health,Non-admitted,13
2025-05-15,2024-04-26,54,502,Gynaecology,Family Health,Admitted,7
2025-05-15,2024-04-19,55,101,Urology,Surgery and Associated Services,Non-admitted,23
2025-05-15,2024-04-19,55,101,Urology,Surgery and Associated Services,Admitted,9
2025-05-15,2024-04-19,55,120,ENT,Surgery and Associated Services,Non-admitted,7
2025-05-15,2024-04-19,55,120,ENT,Surgery and Associated Services,Admitted,11
2025-05-15,2024-04-19,55,301,Gastroenterology,Medicine,Non-admitted,3
2025-05-15,2024-04-19,55,330,Dermatology,Medicine,Non-admitted,1
2025-05-15,2024-04-19,55,330,Dermatology,Medicine,Admitted,10
2025-05-15,2024-04-19,55,502,Gynaecology,Family Health,Non-admitted,20
2025-05-15,2024-04-19,55,502,Gynaecology,Family Health,Admitted,14
2025-05-15,2024-04-12,56,101,Urology,Surgery and Associated Services,Non-admitted,5
2025-05-15,2024-04-12,56,101,Urology,Surgery and Associated Services,Admitted,12
2025-05-15,2024-04-12,56,120,ENT,Surgery and Associated Services,Non-admitted,6
2025-05-15,2024-04-12,56,120,ENT,Surgery and Associated Services,Admitted,27
2025-05-15,2024-04-12,56,301,Gastroenterology,Medicine,Non-admitted,1
2025-05-15,2024-04-12,56,330,Dermatology,Medicine,Non-admitted,4
2025-05-15,2024-04-12,56,330,Dermatology,Medicine,Admitted,7
2025-05-15,2024-04-12,56,502,Gynaecology,Family Health,Non-admitted,10
2025-05-15,2024-04-12,56,502,Gynaecology,Family Health,Admitted,8
2025-05-15,2024-04-05,57,101,Urology,Surgery and Associated Services,Non-admitted,4
2025-05-15,2024-04-05,57,101,Urology,Surgery and Associated Services,Admitted,6
2025-05-15,2024-04-05,57,120,ENT,Surgery and Associated Services,Non-admitted,6
2025-05-15,2024-04-05,57,120,ENT,Surgery and Associated Services,Admitted,13
2025-05-15,2024-04-05,57,301,Gastroenterology,Medicine,Non-admitted,3
2025-05-15,2024-04-05,57,330,Dermatology,Medicine,Non-admitted,3
2025-05-15,2024-04-05,57,330,Dermatology,Medicine,Admitted,12
2025-05-15,2024-04-05,57,502,Gynaecology,Family Health,Non-admitted,14
2025-05-15,2024-04-05,57,502,Gynaecology,Family Health,Admitted,4
2025-05-15,2024-03-29,58,101,Urology,Surgery and Associated Services,Non-admitted,3
2025-05-15,2024-03-29,58,101,Urology,Surgery and Associated Services,Admitted,2
2025-05-15,2024-03-29,58,120,ENT,Surgery and Associated Services,Non-admitted,3
2025-05-15,2024-03-29,58,120,ENT,Surgery and Associated Services,Admitted,6
2025-05-15,2024-03-29,58,330,Dermatology,Medicine,Non-admitted,1
2025-05-15,2024-03-29,58,330,Dermatology,Medicine,Admitted,7
2025-05-15,2024-03-29,58,502,Gynaecology,Family Health,Non-admitted,6
2025-05-15,2024-03-29,58,502,Gynaecology,Family Health,Admitted,5
2025-05-15,2024-03-22,59,101,Urology,Surgery and Associated Services,Non-admitted,3
2025-05-15,2024-03-22,59,101,Urology,Surgery and Associated Services,Admitted,3
2025-05-15,2024-03-22,59,120,ENT,Surgery and Associated Services,Non-admitted,9
2025-05-15,2024-03-22,59,120,ENT,Surgery and Associated Services,Admitted,11
2025-05-15,2024-03-22,59,301,Gastroenterology,Medicine,Non-admitted,1
2025-05-15,2024-03-22,59,330,Dermatology,Medicine,Non-admitted,1
2025-05-15,2024-03-22,59,330,Dermatology,Medicine,Admitted,4
2025-05-15,2024-03-22,59,502,Gynaecology,Family Health,Non-admitted,14
2025-05-15,2024-03-22,59,502,Gynaecology,Family Health,Admitted,3
2025-05-15,2024-03-15,60,101,Urology,Surgery and Associated Services,Non-admitted,4
2025-05-15,2024-03-15,60,101,Urology,Surgery and Associated Services,Admitted,6
2025-05-15,2024-03-15,60,120,ENT,Surgery and Associated Services,Non-admitted,5
2025-05-15,2024-03-15,60,120,ENT,Surgery and Associated Services,Admitted,9
2025-05-15,2024-03-15,60,301,Gastroenterology,Medicine,Non-admitted,2
2025-05-15,2024-03-15,60,330,Dermatology,Medicine,Non-admitted,1
2025-05-15,2024-03-15,60,330,Dermatology,Medicine,Admitted,12
2025-05-15,2024-03-15,60,502,Gynaecology,Family Health,Non-admitted,6
2025-05-15,2024-03-15,60,502,Gynaecology,Family Health,Admitted,4
2025-05-15,2024-03-08,61,101,Urology,Surgery and Associated Services,Non-admitted,6
2025-05-15,2024-03-08,61,101,Urology,Surgery and Associated Services,Admitted,4
2025-05-15,2024-03-08,61,120,ENT,Surgery and Associated Services,Non-admitted,3
2025-05-15,2024-03-08,61,120,ENT,Surgery and Associated Services,Admitted,14
2025-05-15,2024-03-08,61,301,Gastroenterology,Medicine,Non-admitted,1
2025-05-15,2024-03-08,61,330,Dermatology,Medicine,Admitted,6
2025-05-15,2024-03-08,61,502,Gynaecology,Family Health,Non-admitted,17
2025-05-15,2024-03-08,61,502,Gynaecology,Family Health,Admitted,6
2025-05-15,2024-03-01,62,101,Urology,Surgery and Associated Services,Non-admitted,2
2025-05-15,2024-03-01,62,101,Urology,Surgery and Associated Services,Admitted,4
2025-05-15,2024-03-01,62,120,ENT,Surgery and Associated Services,Non-admitted,2
2025-05-15,2024-03-01,62,120,ENT,Surgery and Associated Services,Admitted,17
2025-05-15,2024-03-01,62,330,Dermatology,Medicine,Admitted,5
2025-05-15,2024-03-01,62,502,Gynaecology,Family Health,Non-admitted,7
2025-05-15,2024-03-01,62,502,Gynaecology,Family Health,Admitted,4
2025-05-15,2024-02-23,63,101,Urology,Surgery and Associated Services,Admitted,2
2025-05-15,2024-02-23,63,120,ENT,Surgery and Associated Services,Admitted,5
2025-05-15,2024-02-23,63,330,Dermatology,Medicine,Admitted,6
2025-05-15,2024-02-23,63,502,Gynaecology,Family Health,Non-admitted,11
2025-05-15,2024-02-16,64,101,Urology,Surgery and Associated Services,Non-admitted,5
2025-05-15,2024-02-16,64,101,Urology,Surgery and Associated Services,Admitted,4
2025-05-15,2024-02-16,64,120,ENT,Surgery and Associated Services,Non-admitted,2
2025-05-15,2024-02-16,64,120,ENT,Surgery and Associated Services,Admitted,9
2025-05-15,2024-02-16,64,330,Dermatology,Medicine,Admitted,3
2025-05-15,2024-02-16,64,502,Gynaecology,Family Health,Non-admitted,3
2025-05-15,2024-02-16,64,502,Gynaecology,Family Health,Admitted,1
2025-05-15,2024-02-09,65,101,Urology,Surgery and Associated Services,Non-admitted,2
2025-05-15,2024-02-09,65,101,Urology,Surgery and Associated Services,Admitted,6
2025-05-15,2024-02-09,65,120,ENT,Surgery and Associated Services,Non-admitted,1
2025-05-15,2024-02-09,65,120,ENT,Surgery and Associated Services,Admitted,7
2025-05-15,2024-02-09,65,330,Dermatology,Medicine,Non-admitted,1
2025-05-15,2024-02-09,65,330,Dermatology,Medicine,Admitted,4
2025-05-15,2024-02-09,65,502,Gynaecology,Family Health,Non-admitted,5
2025-05-15,2024-02-09,65,502,Gynaecology,Family Health,Admitted,1
2025-05-15,2024-02-02,66,101,Urology,Surgery and Associated Services,Non-admitted,1
2025-05-15,2024-02-02,66,101,Urology,Surgery and Associated Services,Admitted,2
2025-05-15,2024-02-02,66,120,ENT,Surgery and Associated Services,Non-admitted,3
2025-05-15,2024-02-02,66,120,ENT,Surgery and Associated Services,Admitted,7
2025-05-15,2024-02-02,66,330,Dermatology,Medicine,Non-admitted,1
2025-05-15,2024-02-02,66,330,Dermatology,Medicine,Admitted,3
2025-05-15,2024-02-02,66,502,Gynaecology,Family Health,Non-admitted,2
2025-05-15,2024-01-26,67,120,ENT,Surgery and Associated Services,Non-admitted,1
2025-05-15,2024-01-26,67,120,ENT,Surgery and Associated Services,Admitted,2
2025-05-15,2024-01-26,67,330,Dermatology,Medicine,Admitted,1
2025-05-15,2024-01-26,67,502,Gynaecology,Family Health,Non-admitted,1
2025-05-15,2024-01-19,68,101,Urology,Surgery and Associated Services,Non-admitted,4
2025-05-15,2024-01-19,68,101,Urology,Surgery and Associated Services,Admitted,1
2025-05-15,2024-01-19,68,120,ENT,Surgery and Associated Services,Non-admitted,1
2025-05-15,2024-01-19,68,330,Dermatology,Medicine,Admitted,2
2025-05-15,2024-01-12,69,101,Urology,Surgery and Associated Services,Non-admitted,1
2025-05-15,2024-01-12,69,120,ENT,Surgery and Associated Services,Admitted,1
2025-05-15,2024-01-12,69,502,Gynaecology,Family Health,Non-admitted,1
2025-05-15,2024-01-05,70,101,Urology,Surgery and Associated Services,Non-admitted,1
2025-05-15,2024-01-05,70,330,Dermatology,Medicine,Non-admitted,1
2025-05-15,2023-12-29,71,120,ENT,Surgery and Associated Services,Non-admitted,1
2025-05-15,2023-12-22,72,120,ENT,Surgery and Associated Services,Non-admitted,1
2025-05-15,2023-12-22,72,120,ENT,Surgery and Associated Services,Admitted,1
2025-05-15,2023-12-15,73,120,ENT,Surgery and Associated Services,Admitted,1
2025-05-15,2023-12-08,74,330,Dermatology,Medicine,Admitted,2
2025-05-15,2023-12-01,75,120,ENT,Surgery and Associated Services,Non-admitted,1
2025-05-15,2023-11-24,76,101,Urology,Surgery and Associated Services,Non-admitted,1
2025-05-15,2023-11-17,77,101,Urology,Surgery and Associated Services,Non-admitted,1
2025-05-15,2023-11-17,77,120,ENT,Surgery and Associated Services,Admitted,2
2025-05-15,2023-11-03,79,120,ENT,Surgery and Associated Services,Non-admitted,1
2025-05-15,2023-11-03,79,301,Gastroenterology,Medicine,Non-admitted,1
2025-05-15,2023-10-27,80,120,ENT,Surgery and Associated Services,Admitted,1
2025-05-15,2023-10-06,83,120,ENT,Surgery and Associated Services,Non-admitted,1
2025-05-15,2023-09-08,87,120,ENT,Surgery and Associated Services,Non-admitted,1
2025-05-15,2023-08-25,89,120,ENT,Surgery and Associated Services,Non-admitted,1
2025-05-15,2023-07-28,93,120,ENT,Surgery and Associated Services,Non-admitted,1
2025-05-15,2023-06-02,101,330,Dermatology,Medicine,Admitted,1
