report_date,arrival_since,arrival_before,rtt_weeks,spec_code,specialty,division,ptl_type,n
2025-05-22,2025-05-16,2025-05-22,0,101,Urology,Surgery and Associated Services,Non-admitted,117
2025-05-22,2025-05-16,2025-05-22,0,101,Urology,Surgery and Associated Services,Admitted,22
2025-05-22,2025-05-16,2025-05-22,0,120,ENT,Surgery and Associated Services,Non-admitted,228
2025-05-22,2025-05-16,2025-05-22,0,120,ENT,Surgery and Associated Services,Admitted,22
2025-05-22,2025-05-16,2025-05-22,0,301,Gastroenterology,Medicine,Non-admitted,189
2025-05-22,2025-05-16,2025-05-22,0,301,Gastroenterology,Medicine,Admitted,3
2025-05-22,2025-05-16,2025-05-22,0,330,Dermatology,Medicine,Non-admitted,363
2025-05-22,2025-05-16,2025-05-22,0,330,Dermatology,Medicine,Admitted,20
2025-05-22,2025-05-16,2025-05-22,0,502,Gynaecology,Family Health,Non-admitted,187
2025-05-22,2025-05-16,2025-05-22,0,502,Gynaecology,Family Health,Admitted,16
2025-05-22,2025-05-09,2025-05-15,1,101,Urology,Surgery and Associated Services,Non-admitted,140
2025-05-22,2025-05-09,2025-05-15,1,101,Urology,Surgery and Associated Services,Admitted,26
2025-05-22,2025-05-09,2025-05-15,1,120,ENT,Surgery and Associated Services,Non-admitted,302
2025-05-22,2025-05-09,2025-05-15,1,120,ENT,Surgery and Associated Services,Admitted,31
2025-05-22,2025-05-09,2025-05-15,1,301,Gastroenterology,Medicine,Non-admitted,221
2025-05-22,2025-05-09,2025-05-15,1,301,Gastroenterology,Medicine,Admitted,6
2025-05-22,2025-05-09,2025-05-15,1,330,Dermatology,Medicine,Non-admitted,443
2025-05-22,2025-05-09,2025-05-15,1,330,Dermatology,Medicine,Admitted,29
2025-05-22,2025-05-09,2025-05-15,1,502,Gynaecology,Family Health,Non-admitted,244
2025-05-22,2025-05-09,2025-05-15,1,502,Gynaecology,Family Health,Admitted,45
2025-05-22,2025-05-02,2025-05-08,2,101,Urology,Surgery and Associated Services,Non-admitted,149
2025-05-22,2025-05-02,2025-05-08,2,101,Urology,Surgery and Associated Services,Admitted,46
2025-05-22,2025-05-02,2025-05-08,2,120,ENT,Surgery and Associated Services,Non-admitted,275
2025-05-22,2025-05-02,2025-05-08,2,120,ENT,Surgery and Associated Services,Admitted,37
2025-05-22,2025-05-02,2025-05-08,2,301,Gastroenterology,Medicine,Non-admitted,143
2025-05-22,2025-05-02,2025-05-08,2,301,Gastroenterology,Medicine,Admitted,5
2025-05-22,2025-05-02,2025-05-08,2,330,Dermatology,Medicine,Non-admitted,204
2025-05-22,2025-05-02,2025-05-08,2,330,Dermatology,Medicine,Admitted,59
2025-05-22,2025-05-02,2025-05-08,2,502,Gynaecology,Family Health,Non-admitted,205
2025-05-22,2025-05-02,2025-05-08,2,502,Gynaecology,Family Health,Admitted,46
2025-05-22,2025-04-25,2025-05-01,3,101,Urology,Surgery and Associated Services,Non-admitted,176
2025-05-22,2025-04-25,2025-05-01,3,101,Urology,Surgery and Associated Services,Admitted,45
2025-05-22,2025-04-25,2025-05-01,3,120,ENT,Surgery and Associated Services,Non-admitted,308
2025-05-22,2025-04-25,2025-05-01,3,120,ENT,Surgery and Associated Services,Admitted,39
2025-05-22,2025-04-25,2025-05-01,3,301,Gastroenterology,Medicine,Non-admitted,184
2025-05-22,2025-04-25,2025-05-01,3,301,Gastroenterology,Medicine,Admitted,2
2025-05-22,2025-04-25,2025-05-01,3,330,Dermatology,Medicine,Non-admitted,211
2025-05-22,2025-04-25,2025-05-01,3,330,Dermatology,Medicine,Admitted,53
2025-05-22,2025-04-25,2025-05-01,3,502,Gynaecology,Family Health,Non-admitted,201
2025-05-22,2025-04-25,2025-05-01,3,502,Gynaecology,Family Health,Admitted,37
2025-05-22,2025-04-18,2025-04-24,4,101,Urology,Surgery and Associated Services,Non-admitted,116
2025-05-22,2025-04-18,2025-04-24,4,101,Urology,Surgery and Associated Services,Admitted,28
2025-05-22,2025-04-18,2025-04-24,4,120,ENT,Surgery and Associated Services,Non-admitted,145
2025-05-22,2025-04-18,2025-04-24,4,120,ENT,Surgery and Associated Services,Admitted,19
2025-05-22,2025-04-18,2025-04-24,4,301,Gastroenterology,Medicine,Non-admitted,111
2025-05-22,2025-04-18,2025-04-24,4,330,Dermatology,Medicine,Non-admitted,130
2025-05-22,2025-04-18,2025-04-24,4,330,Dermatology,Medicine,Admitted,19
2025-05-22,2025-04-18,2025-04-24,4,502,Gynaecology,Family Health,Non-admitted,110
2025-05-22,2025-04-18,2025-04-24,4,502,Gynaecology,Family Health,Admitted,23
2025-05-22,2025-04-11,2025-04-17,5,101,Urology,Surgery and Associated Services,Non-admitted,151
2025-05-22,2025-04-11,2025-04-17,5,101,Urology,Surgery and Associated Services,Admitted,38
2025-05-22,2025-04-11,2025-04-17,5,120,ENT,Surgery and Associated Services,Non-admitted,253
2025-05-22,2025-04-11,2025-04-17,5,120,ENT,Surgery and Associated Services,Admitted,28
2025-05-22,2025-04-11,2025-04-17,5,301,Gastroenterology,Medicine,Non-admitted,210
2025-05-22,2025-04-11,2025-04-17,5,301,Gastroenterology,Medicine,Admitted,1
2025-05-22,2025-04-11,2025-04-17,5,330,Dermatology,Medicine,Non-admitted,180
2025-05-22,2025-04-11,2025-04-17,5,330,Dermatology,Medicine,Admitted,29
2025-05-22,2025-04-11,2025-04-17,5,502,Gynaecology,Family Health,Non-admitted,173
2025-05-22,2025-04-11,2025-04-17,5,502,Gynaecology,Family Health,Admitted,28
2025-05-22,2025-04-04,2025-04-10,6,101,Urology,Surgery and Associated Services,Non-admitted,147
2025-05-22,2025-04-04,2025-04-10,6,101,Urology,Surgery and Associated Services,Admitted,35
2025-05-22,2025-04-04,2025-04-10,6,120,ENT,Surgery and Associated Services,Non-admitted,249
2025-05-22,2025-04-04,2025-04-10,6,120,ENT,Surgery and Associated Services,Admitted,44
2025-05-22,2025-04-04,2025-04-10,6,301,Gastroenterology,Medicine,Non-admitted,181
2025-05-22,2025-04-04,2025-04-10,6,330,Dermatology,Medicine,Non-admitted,207
2025-05-22,2025-04-04,2025-04-10,6,330,Dermatology,Medicine,Admitted,28
2025-05-22,2025-04-04,2025-04-10,6,502,Gynaecology,Family Health,Non-admitted,130
2025-05-22,2025-04-04,2025-04-10,6,502,Gynaecology,Family Health,Admitted,50
2025-05-22,2025-03-28,2025-04-03,7,101,Urology,Surgery and Associated Services,Non-admitted,125
2025-05-22,2025-03-28,2025-04-03,7,101,Urology,Surgery and Associated Services,Admitted,32
2025-05-22,2025-03-28,2025-04-03,7,120,ENT,Surgery and Associated Services,Non-admitted,208
2025-05-22,2025-03-28,2025-04-03,7,120,ENT,Surgery and Associated Services,Admitted,44
2025-05-22,2025-03-28,2025-04-03,7,301,Gastroenterology,Medicine,Non-admitted,188
2025-05-22,2025-03-28,2025-04-03,7,301,Gastroenterology,Medicine,Admitted,1
2025-05-22,2025-03-28,2025-04-03,7,330,Dermatology,Medicine,Non-admitted,242
2025-05-22,2025-03-28,2025-04-03,7,330,Dermatology,Medicine,Admitted,20
2025-05-22,2025-03-28,2025-04-03,7,502,Gynaecology,Family Health,Non-admitted,150
2025-05-22,2025-03-28,2025-04-03,7,502,Gynaecology,Family Health,Admitted,41
2025-05-22,2025-03-21,2025-03-27,8,101,Urology,Surgery and Associated Services,Non-admitted,153
2025-05-22,2025-03-21,2025-03-27,8,101,Urology,Surgery and Associated Services,Admitted,32
2025-05-22,2025-03-21,2025-03-27,8,120,ENT,Surgery and Associated Services,Non-admitted,262
2025-05-22,2025-03-21,2025-03-27,8,120,ENT,Surgery and Associated Services,Admitted,53
2025-05-22,2025-03-21,2025-03-27,8,301,Gastroenterology,Medicine,Non-admitted,192
2025-05-22,2025-03-21,2025-03-27,8,330,Dermatology,Medicine,Non-admitted,173
2025-05-22,2025-03-21,2025-03-27,8,330,Dermatology,Medicine,Admitted,14
2025-05-22,2025-03-21,2025-03-27,8,502,Gynaecology,Family Health,Non-admitted,145
2025-05-22,2025-03-21,2025-03-27,8,502,Gynaecology,Family Health,Admitted,27
2025-05-22,2025-03-14,2025-03-20,9,101,Urology,Surgery and Associated Services,Non-admitted,158
2025-05-22,2025-03-14,2025-03-20,9,101,Urology,Surgery and Associated Services,Admitted,29
2025-05-22,2025-03-14,2025-03-20,9,120,ENT,Surgery and Associated Services,Non-admitted,216
2025-05-22,2025-03-14,2025-03-20,9,120,ENT,Surgery and Associated Services,Admitted,44
2025-05-22,2025-03-14,2025-03-20,9,301,Gastroenterology,Medicine,Non-admitted,211
2025-05-22,2025-03-14,2025-03-20,9,330,Dermatology,Medicine,Non-admitted,166
2025-05-22,2025-03-14,2025-03-20,9,330,Dermatology,Medicine,Admitted,24
2025-05-22,2025-03-14,2025-03-20,9,502,Gynaecology,Family Health,Non-admitted,184
2025-05-22,2025-03-14,2025-03-20,9,502,Gynaecology,Family Health,Admitted,33
2025-05-22,2025-03-07,2025-03-13,10,101,Urology,Surgery and Associated Services,Non-admitted,143
2025-05-22,2025-03-07,2025-03-13,10,101,Urology,Surgery and Associated Services,Admitted,31
2025-05-22,2025-03-07,2025-03-13,10,120,ENT,Surgery and Associated Services,Non-admitted,187
2025-05-22,2025-03-07,2025-03-13,10,120,ENT,Surgery and Associated Services,Admitted,32
2025-05-22,2025-03-07,2025-03-13,10,301,Gastroenterology,Medicine,Non-admitted,171
2025-05-22,2025-03-07,2025-03-13,10,330,Dermatology,Medicine,Non-admitted,195
2025-05-22,2025-03-07,2025-03-13,10,330,Dermatology,Medicine,Admitted,39
2025-05-22,2025-03-07,2025-03-13,10,502,Gynaecology,Family Health,Non-admitted,142
2025-05-22,2025-03-07,2025-03-13,10,502,Gynaecology,Family Health,Admitted,39
2025-05-22,2025-02-28,2025-03-06,11,101,Urology,Surgery and Associated Services,Non-admitted,136
2025-05-22,2025-02-28,2025-03-06,11,101,Urology,Surgery and Associated Services,Admitted,20
2025-05-22,2025-02-28,2025-03-06,11,120,ENT,Surgery and Associated Services,Non-admitted,175
2025-05-22,2025-02-28,2025-03-06,11,120,ENT,Surgery and Associated Services,Admitted,51
2025-05-22,2025-02-28,2025-03-06,11,301,Gastroenterology,Medicine,Non-admitted,152
2025-05-22,2025-02-28,2025-03-06,11,330,Dermatology,Medicine,Non-admitted,142
2025-05-22,2025-02-28,2025-03-06,11,330,Dermatology,Medicine,Admitted,35
2025-05-22,2025-02-28,2025-03-06,11,502,Gynaecology,Family Health,Non-admitted,123
2025-05-22,2025-02-28,2025-03-06,11,502,Gynaecology,Family Health,Admitted,27
2025-05-22,2025-02-21,2025-02-27,12,101,Urology,Surgery and Associated Services,Non-admitted,114
2025-05-22,2025-02-21,2025-02-27,12,101,Urology,Surgery and Associated Services,Admitted,24
2025-05-22,2025-02-21,2025-02-27,12,120,ENT,Surgery and Associated Services,Non-admitted,152
2025-05-22,2025-02-21,2025-02-27,12,120,ENT,Surgery and Associated Services,Admitted,28
2025-05-22,2025-02-21,2025-02-27,12,301,Gastroenterology,Medicine,Non-admitted,152
2025-05-22,2025-02-21,2025-02-27,12,330,Dermatology,Medicine,Non-admitted,136
2025-05-22,2025-02-21,2025-02-27,12,330,Dermatology,Medicine,Admitted,31
2025-05-22,2025-02-21,2025-02-27,12,502,Gynaecology,Family Health,Non-admitted,95
2025-05-22,2025-02-21,2025-02-27,12,502,Gynaecology,Family Health,Admitted,24
2025-05-22,2025-02-14,2025-02-20,13,101,Urology,Surgery and Associated Services,Non-admitted,111
2025-05-22,2025-02-14,2025-02-20,13,101,Urology,Surgery and Associated Services,Admitted,19
2025-05-22,2025-02-14,2025-02-20,13,120,ENT,Surgery and Associated Services,Non-admitted,176
2025-05-22,2025-02-14,2025-02-20,13,120,ENT,Surgery and Associated Services,Admitted,43
2025-05-22,2025-02-14,2025-02-20,13,301,Gastroenterology,Medicine,Non-admitted,147
2025-05-22,2025-02-14,2025-02-20,13,330,Dermatology,Medicine,Non-admitted,107
2025-05-22,2025-02-14,2025-02-20,13,330,Dermatology,Medicine,Admitted,29
2025-05-22,2025-02-14,2025-02-20,13,502,Gynaecology,Family Health,Non-admitted,133
2025-05-22,2025-02-14,2025-02-20,13,502,Gynaecology,Family Health,Admitted,19
2025-05-22,2025-02-07,2025-02-13,14,101,Urology,Surgery and Associated Services,Non-admitted,125
2025-05-22,2025-02-07,2025-02-13,14,101,Urology,Surgery and Associated Services,Admitted,23
2025-05-22,2025-02-07,2025-02-13,14,120,ENT,Surgery and Associated Services,Non-admitted,146
2025-05-22,2025-02-07,2025-02-13,14,120,ENT,Surgery and Associated Services,Admitted,37
2025-05-22,2025-02-07,2025-02-13,14,301,Gastroenterology,Medicine,Non-admitted,142
2025-05-22,2025-02-07,2025-02-13,14,330,Dermatology,Medicine,Non-admitted,95
2025-05-22,2025-02-07,2025-02-13,14,330,Dermatology,Medicine,Admitted,32
2025-05-22,2025-02-07,2025-02-13,14,502,Gynaecology,Family Health,Non-admitted,98
2025-05-22,2025-02-07,2025-02-13,14,502,Gynaecology,Family Health,Admitted,21
2025-05-22,2025-01-31,2025-02-06,15,101,Urology,Surgery and Associated Services,Non-admitted,113
2025-05-22,2025-01-31,2025-02-06,15,101,Urology,Surgery and Associated Services,Admitted,33
2025-05-22,2025-01-31,2025-02-06,15,120,ENT,Surgery and Associated Services,Non-admitted,135
2025-05-22,2025-01-31,2025-02-06,15,120,ENT,Surgery and Associated Services,Admitted,33
2025-05-22,2025-01-31,2025-02-06,15,301,Gastroenterology,Medicine,Non-admitted,162
2025-05-22,2025-01-31,2025-02-06,15,330,Dermatology,Medicine,Non-admitted,126
2025-05-22,2025-01-31,2025-02-06,15,330,Dermatology,Medicine,Admitted,34
2025-05-22,2025-01-31,2025-02-06,15,502,Gynaecology,Family Health,Non-admitted,92
2025-05-22,2025-01-31,2025-02-06,15,502,Gynaecology,Family Health,Admitted,19
2025-05-22,2025-01-24,2025-01-30,16,101,Urology,Surgery and Associated Services,Non-admitted,87
2025-05-22,2025-01-24,2025-01-30,16,101,Urology,Surgery and Associated Services,Admitted,20
2025-05-22,2025-01-24,2025-01-30,16,120,ENT,Surgery and Associated Services,Non-admitted,155
2025-05-22,2025-01-24,2025-01-30,16,120,ENT,Surgery and Associated Services,Admitted,52
2025-05-22,2025-01-24,2025-01-30,16,301,Gastroenterology,Medicine,Non-admitted,133
2025-05-22,2025-01-24,2025-01-30,16,330,Dermatology,Medicine,Non-admitted,112
2025-05-22,2025-01-24,2025-01-30,16,330,Dermatology,Medicine,Admitted,27
2025-05-22,2025-01-24,2025-01-30,16,502,Gynaecology,Family Health,Non-admitted,105
2025-05-22,2025-01-24,2025-01-30,16,502,Gynaecology,Family Health,Admitted,26
2025-05-22,2025-01-17,2025-01-23,17,101,Urology,Surgery and Associated Services,Non-admitted,114
2025-05-22,2025-01-17,2025-01-23,17,101,Urology,Surgery and Associated Services,Admitted,11
2025-05-22,2025-01-17,2025-01-23,17,120,ENT,Surgery and Associated Services,Non-admitted,165
2025-05-22,2025-01-17,2025-01-23,17,120,ENT,Surgery and Associated Services,Admitted,37
2025-05-22,2025-01-17,2025-01-23,17,301,Gastroenterology,Medicine,Non-admitted,149
2025-05-22,2025-01-17,2025-01-23,17,301,Gastroenterology,Medicine,Admitted,1
2025-05-22,2025-01-17,2025-01-23,17,330,Dermatology,Medicine,Non-admitted,95
2025-05-22,2025-01-17,2025-01-23,17,330,Dermatology,Medicine,Admitted,37
2025-05-22,2025-01-17,2025-01-23,17,502,Gynaecology,Family Health,Non-admitted,83
2025-05-22,2025-01-17,2025-01-23,17,502,Gynaecology,Family Health,Admitted,21
2025-05-22,2025-01-10,2025-01-16,18,101,Urology,Surgery and Associated Services,Non-admitted,107
2025-05-22,2025-01-10,2025-01-16,18,101,Urology,Surgery and Associated Services,Admitted,27
2025-05-22,2025-01-10,2025-01-16,18,120,ENT,Surgery and Associated Services,Non-admitted,106
2025-05-22,2025-01-10,2025-01-16,18,120,ENT,Surgery and Associated Services,Admitted,27
2025-05-22,2025-01-10,2025-01-16,18,301,Gastroenterology,Medicine,Non-admitted,151
2025-05-22,2025-01-10,2025-01-16,18,330,Dermatology,Medicine,Non-admitted,101
2025-05-22,2025-01-10,2025-01-16,18,330,Dermatology,Medicine,Admitted,24
2025-05-22,2025-01-10,2025-01-16,18,502,Gynaecology,Family Health,Non-admitted,85
2025-05-22,2025-01-10,2025-01-16,18,502,Gynaecology,Family Health,Admitted,28
2025-05-22,2025-01-03,2025-01-09,19,101,Urology,Surgery and Associated Services,Non-admitted,111
2025-05-22,2025-01-03,2025-01-09,19,101,Urology,Surgery and Associated Services,Admitted,19
2025-05-22,2025-01-03,2025-01-09,19,120,ENT,Surgery and Associated Services,Non-admitted,86
2025-05-22,2025-01-03,2025-01-09,19,120,ENT,Surgery and Associated Services,Admitted,20
2025-05-22,2025-01-03,2025-01-09,19,301,Gastroenterology,Medicine,Non-admitted,136
2025-05-22,2025-01-03,2025-01-09,19,301,Gastroenterology,Medicine,Admitted,1
2025-05-22,2025-01-03,2025-01-09,19,330,Dermatology,Medicine,Non-admitted,60
2025-05-22,2025-01-03,2025-01-09,19,330,Dermatology,Medicine,Admitted,24
2025-05-22,2025-01-03,2025-01-09,19,502,Gynaecology,Family Health,Non-admitted,55
2025-05-22,2025-01-03,2025-01-09,19,502,Gynaecology,Family Health,Admitted,14
2025-05-22,2024-12-27,2025-01-02,20,101,Urology,Surgery and Associated Services,Non-admitted,36
2025-05-22,2024-12-27,2025-01-02,20,101,Urology,Surgery and Associated Services,Admitted,16
2025-05-22,2024-12-27,2025-01-02,20,120,ENT,Surgery and Associated Services,Non-admitted,50
2025-05-22,2024-12-27,2025-01-02,20,120,ENT,Surgery and Associated Services,Admitted,10
2025-05-22,2024-12-27,2025-01-02,20,301,Gastroenterology,Medicine,Non-admitted,64
2025-05-22,2024-12-27,2025-01-02,20,330,Dermatology,Medicine,Non-admitted,44
2025-05-22,2024-12-27,2025-01-02,20,330,Dermatology,Medicine,Admitted,9
2025-05-22,2024-12-27,2025-01-02,20,502,Gynaecology,Family Health,Non-admitted,26
2025-05-22,2024-12-27,2025-01-02,20,502,Gynaecology,Family Health,Admitted,9
2025-05-22,2024-12-20,2024-12-26,21,101,Urology,Surgery and Associated Services,Non-admitted,93
2025-05-22,2024-12-20,2024-12-26,21,101,Urology,Surgery and Associated Services,Admitted,16
2025-05-22,2024-12-20,2024-12-26,21,120,ENT,Surgery and Associated Services,Non-admitted,73
2025-05-22,2024-12-20,2024-12-26,21,120,ENT,Surgery and Associated Services,Admitted,27
2025-05-22,2024-12-20,2024-12-26,21,301,Gastroenterology,Medicine,Non-admitted,135
2025-05-22,2024-12-20,2024-12-26,21,330,Dermatology,Medicine,Non-admitted,58
2025-05-22,2024-12-20,2024-12-26,21,330,Dermatology,Medicine,Admitted,21
2025-05-22,2024-12-20,2024-12-26,21,502,Gynaecology,Family Health,Non-admitted,50
2025-05-22,2024-12-20,2024-12-26,21,502,Gynaecology,Family Health,Admitted,8
2025-05-22,2024-12-13,2024-12-19,22,101,Urology,Surgery and Associated Services,Non-admitted,90
2025-05-22,2024-12-13,2024-12-19,22,101,Urology,Surgery and Associated Services,Admitted,17
2025-05-22,2024-12-13,2024-12-19,22,120,ENT,Surgery and Associated Services,Non-admitted,122
2025-05-22,2024-12-13,2024-12-19,22,120,ENT,Surgery and Associated Services,Admitted,25
2025-05-22,2024-12-13,2024-12-19,22,301,Gastroenterology,Medicine,Non-admitted,140
2025-05-22,2024-12-13,2024-12-19,22,330,Dermatology,Medicine,Non-admitted,62
2025-05-22,2024-12-13,2024-12-19,22,330,Dermatology,Medicine,Admitted,24
2025-05-22,2024-12-13,2024-12-19,22,502,Gynaecology,Family Health,Non-admitted,53
2025-05-22,2024-12-13,2024-12-19,22,502,Gynaecology,Family Health,Admitted,28
2025-05-22,2024-12-06,2024-12-12,23,101,Urology,Surgery and Associated Services,Non-admitted,96
2025-05-22,2024-12-06,2024-12-12,23,101,Urology,Surgery and Associated Services,Admitted,20
2025-05-22,2024-12-06,2024-12-12,23,120,ENT,Surgery and Associated Services,Non-admitted,113
2025-05-22,2024-12-06,2024-12-12,23,120,ENT,Surgery and Associated Services,Admitted,25
2025-05-22,2024-12-06,2024-12-12,23,301,Gastroenterology,Medicine,Non-admitted,138
2025-05-22,2024-12-06,2024-12-12,23,330,Dermatology,Medicine,Non-admitted,62
2025-05-22,2024-12-06,2024-12-12,23,330,Dermatology,Medicine,Admitted,17
2025-05-22,2024-12-06,2024-12-12,23,502,Gynaecology,Family Health,Non-admitted,80
2025-05-22,2024-12-06,2024-12-12,23,502,Gynaecology,Family Health,Admitted,20
2025-05-22,2024-11-29,2024-12-05,24,101,Urology,Surgery and Associated Services,Non-admitted,85
2025-05-22,2024-11-29,2024-12-05,24,101,Urology,Surgery and Associated Services,Admitted,21
2025-05-22,2024-11-29,2024-12-05,24,120,ENT,Surgery and Associated Services,Non-admitted,91
2025-05-22,2024-11-29,2024-12-05,24,120,ENT,Surgery and Associated Services,Admitted,20
2025-05-22,2024-11-29,2024-12-05,24,301,Gastroenterology,Medicine,Non-admitted,117
2025-05-22,2024-11-29,2024-12-05,24,330,Dermatology,Medicine,Non-admitted,72
2025-05-22,2024-11-29,2024-12-05,24,330,Dermatology,Medicine,Admitted,39
2025-05-22,2024-11-29,2024-12-05,24,502,Gynaecology,Family Health,Non-admitted,64
2025-05-22,2024-11-29,2024-12-05,24,502,Gynaecology,Family Health,Admitted,16
2025-05-22,2024-11-22,2024-11-28,25,101,Urology,Surgery and Associated Services,Non-admitted,61
2025-05-22,2024-11-22,2024-11-28,25,101,Urology,Surgery and Associated Services,Admitted,11
2025-05-22,2024-11-22,2024-11-28,25,120,ENT,Surgery and Associated Services,Non-admitted,113
2025-05-22,2024-11-22,2024-11-28,25,120,ENT,Surgery and Associated Services,Admitted,27
2025-05-22,2024-11-22,2024-11-28,25,301,Gastroenterology,Medicine,Non-admitted,120
2025-05-22,2024-11-22,2024-11-28,25,301,Gastroenterology,Medicine,Admitted,1
2025-05-22,2024-11-22,2024-11-28,25,330,Dermatology,Medicine,Non-admitted,70
2025-05-22,2024-11-22,2024-11-28,25,330,Dermatology,Medicine,Admitted,19
2025-05-22,2024-11-22,2024-11-28,25,502,Gynaecology,Family Health,Non-admitted,63
2025-05-22,2024-11-22,2024-11-28,25,502,Gynaecology,Family Health,Admitted,14
2025-05-22,2024-11-15,2024-11-21,26,101,Urology,Surgery and Associated Services,Non-admitted,79
2025-05-22,2024-11-15,2024-11-21,26,101,Urology,Surgery and Associated Services,Admitted,16
2025-05-22,2024-11-15,2024-11-21,26,120,ENT,Surgery and Associated Services,Non-admitted,94
2025-05-22,2024-11-15,2024-11-21,26,120,ENT,Surgery and Associated Services,Admitted,25
2025-05-22,2024-11-15,2024-11-21,26,301,Gastroenterology,Medicine,Non-admitted,126
2025-05-22,2024-11-15,2024-11-21,26,330,Dermatology,Medicine,Non-admitted,84
2025-05-22,2024-11-15,2024-11-21,26,330,Dermatology,Medicine,Admitted,27
2025-05-22,2024-11-15,2024-11-21,26,502,Gynaecology,Family Health,Non-admitted,86
2025-05-22,2024-11-15,2024-11-21,26,502,Gynaecology,Family Health,Admitted,19
2025-05-22,2024-11-08,2024-11-14,27,101,Urology,Surgery and Associated Services,Non-admitted,101
2025-05-22,2024-11-08,2024-11-14,27,101,Urology,Surgery and Associated Services,Admitted,26
2025-05-22,2024-11-08,2024-11-14,27,120,ENT,Surgery and Associated Services,Non-admitted,91
2025-05-22,2024-11-08,2024-11-14,27,120,ENT,Surgery and Associated Services,Admitted,37
2025-05-22,2024-11-08,2024-11-14,27,301,Gastroenterology,Medicine,Non-admitted,121
2025-05-22,2024-11-08,2024-11-14,27,330,Dermatology,Medicine,Non-admitted,70
2025-05-22,2024-11-08,2024-11-14,27,330,Dermatology,Medicine,Admitted,37
2025-05-22,2024-11-08,2024-11-14,27,502,Gynaecology,Family Health,Non-admitted,81
2025-05-22,2024-11-08,2024-11-14,27,502,Gynaecology,Family Health,Admitted,23
2025-05-22,2024-11-01,2024-11-07,28,101,Urology,Surgery and Associated Services,Non-admitted,57
2025-05-22,2024-11-01,2024-11-07,28,101,Urology,Surgery and Associated Services,Admitted,22
2025-05-22,2024-11-01,2024-11-07,28,120,ENT,Surgery and Associated Services,Non-admitted,100
2025-05-22,2024-11-01,2024-11-07,28,120,ENT,Surgery and Associated Services,Admitted,24
2025-05-22,2024-11-01,2024-11-07,28,301,Gastroenterology,Medicine,Non-admitted,112
2025-05-22,2024-11-01,2024-11-07,28,330,Dermatology,Medicine,Non-admitted,100
2025-05-22,2024-11-01,2024-11-07,28,330,Dermatology,Medicine,Admitted,14
2025-05-22,2024-11-01,2024-11-07,28,502,Gynaecology,Family Health,Non-admitted,53
2025-05-22,2024-11-01,2024-11-07,28,502,Gynaecology,Family Health,Admitted,21
2025-05-22,2024-10-25,2024-10-31,29,101,Urology,Surgery and Associated Services,Non-admitted,63
2025-05-22,2024-10-25,2024-10-31,29,101,Urology,Surgery and Associated Services,Admitted,16
2025-05-22,2024-10-25,2024-10-31,29,120,ENT,Surgery and Associated Services,Non-admitted,66
2025-05-22,2024-10-25,2024-10-31,29,120,ENT,Surgery and Associated Services,Admitted,23
2025-05-22,2024-10-25,2024-10-31,29,301,Gastroenterology,Medicine,Non-admitted,121
2025-05-22,2024-10-25,2024-10-31,29,301,Gastroenterology,Medicine,Admitted,1
2025-05-22,2024-10-25,2024-10-31,29,330,Dermatology,Medicine,Non-admitted,73
2025-05-22,2024-10-25,2024-10-31,29,330,Dermatology,Medicine,Admitted,12
2025-05-22,2024-10-25,2024-10-31,29,502,Gynaecology,Family Health,Non-admitted,84
2025-05-22,2024-10-25,2024-10-31,29,502,Gynaecology,Family Health,Admitted,10
2025-05-22,2024-10-18,2024-10-24,30,101,Urology,Surgery and Associated Services,Non-admitted,61
2025-05-22,2024-10-18,2024-10-24,30,101,Urology,Surgery and Associated Services,Admitted,15
2025-05-22,2024-10-18,2024-10-24,30,120,ENT,Surgery and Associated Services,Non-admitted,66
2025-05-22,2024-10-18,2024-10-24,30,120,ENT,Surgery and Associated Services,Admitted,32
2025-05-22,2024-10-18,2024-10-24,30,301,Gastroenterology,Medicine,Non-admitted,109
2025-05-22,2024-10-18,2024-10-24,30,330,Dermatology,Medicine,Non-admitted,90
2025-05-22,2024-10-18,2024-10-24,30,330,Dermatology,Medicine,Admitted,20
2025-05-22,2024-10-18,2024-10-24,30,502,Gynaecology,Family Health,Non-admitted,57
2025-05-22,2024-10-18,2024-10-24,30,502,Gynaecology,Family Health,Admitted,29
2025-05-22,2024-10-11,2024-10-17,31,101,Urology,Surgery and Associated Services,Non-admitted,87
2025-05-22,2024-10-11,2024-10-17,31,101,Urology,Surgery and Associated Services,Admitted,24
2025-05-22,2024-10-11,2024-10-17,31,120,ENT,Surgery and Associated Services,Non-admitted,93
2025-05-22,2024-10-11,2024-10-17,31,120,ENT,Surgery and Associated Services,Admitted,18
2025-05-22,2024-10-11,2024-10-17,31,301,Gastroenterology,Medicine,Non-admitted,131
2025-05-22,2024-10-11,2024-10-17,31,330,Dermatology,Medicine,Non-admitted,71
2025-05-22,2024-10-11,2024-10-17,31,330,Dermatology,Medicine,Admitted,18
2025-05-22,2024-10-11,2024-10-17,31,502,Gynaecology,Family Health,Non-admitted,61
2025-05-22,2024-10-11,2024-10-17,31,502,Gynaecology,Family Health,Admitted,13
2025-05-22,2024-10-04,2024-10-10,32,101,Urology,Surgery and Associated Services,Non-admitted,50
2025-05-22,2024-10-04,2024-10-10,32,101,Urology,Surgery and Associated Services,Admitted,19
2025-05-22,2024-10-04,2024-10-10,32,120,ENT,Surgery and Associated Services,Non-admitted,112
2025-05-22,2024-10-04,2024-10-10,32,120,ENT,Surgery and Associated Services,Admitted,26
2025-05-22,2024-10-04,2024-10-10,32,301,Gastroenterology,Medicine,Non-admitted,102
2025-05-22,2024-10-04,2024-10-10,32,330,Dermatology,Medicine,Non-admitted,81
2025-05-22,2024-10-04,2024-10-10,32,330,Dermatology,Medicine,Admitted,13
2025-05-22,2024-10-04,2024-10-10,32,502,Gynaecology,Family Health,Non-admitted,70
2025-05-22,2024-10-04,2024-10-10,32,502,Gynaecology,Family Health,Admitted,24
2025-05-22,2024-09-27,2024-10-03,33,101,Urology,Surgery and Associated Services,Non-admitted,56
2025-05-22,2024-09-27,2024-10-03,33,101,Urology,Surgery and Associated Services,Admitted,22
2025-05-22,2024-09-27,2024-10-03,33,120,ENT,Surgery and Associated Services,Non-admitted,125
2025-05-22,2024-09-27,2024-10-03,33,120,ENT,Surgery and Associated Services,Admitted,36
2025-05-22,2024-09-27,2024-10-03,33,301,Gastroenterology,Medicine,Non-admitted,114
2025-05-22,2024-09-27,2024-10-03,33,330,Dermatology,Medicine,Non-admitted,60
2025-05-22,2024-09-27,2024-10-03,33,330,Dermatology,Medicine,Admitted,11
2025-05-22,2024-09-27,2024-10-03,33,502,Gynaecology,Family Health,Non-admitted,57
2025-05-22,2024-09-27,2024-10-03,33,502,Gynaecology,Family Health,Admitted,11
2025-05-22,2024-09-20,2024-09-26,34,101,Urology,Surgery and Associated Services,Non-admitted,48
2025-05-22,2024-09-20,2024-09-26,34,101,Urology,Surgery and Associated Services,Admitted,14
2025-05-22,2024-09-20,2024-09-26,34,120,ENT,Surgery and Associated Services,Non-admitted,82
2025-05-22,2024-09-20,2024-09-26,34,120,ENT,Surgery and Associated Services,Admitted,22
2025-05-22,2024-09-20,2024-09-26,34,301,Gastroenterology,Medicine,Non-admitted,118
2025-05-22,2024-09-20,2024-09-26,34,330,Dermatology,Medicine,Non-admitted,100
2025-05-22,2024-09-20,2024-09-26,34,330,Dermatology,Medicine,Admitted,18
2025-05-22,2024-09-20,2024-09-26,34,502,Gynaecology,Family Health,Non-admitted,75
2025-05-22,2024-09-20,2024-09-26,34,502,Gynaecology,Family Health,Admitted,27
2025-05-22,2024-09-13,2024-09-19,35,101,Urology,Surgery and Associated Services,Non-admitted,41
2025-05-22,2024-09-13,2024-09-19,35,101,Urology,Surgery and Associated Services,Admitted,12
2025-05-22,2024-09-13,2024-09-19,35,120,ENT,Surgery and Associated Services,Non-admitted,73
2025-05-22,2024-09-13,2024-09-19,35,120,ENT,Surgery and Associated Services,Admitted,35
2025-05-22,2024-09-13,2024-09-19,35,301,Gastroenterology,Medicine,Non-admitted,116
2025-05-22,2024-09-13,2024-09-19,35,330,Dermatology,Medicine,Non-admitted,79
2025-05-22,2024-09-13,2024-09-19,35,330,Dermatology,Medicine,Admitted,11
2025-05-22,2024-09-13,2024-09-19,35,502,Gynaecology,Family Health,Non-admitted,70
2025-05-22,2024-09-13,2024-09-19,35,502,Gynaecology,Family Health,Admitted,15
2025-05-22,2024-09-06,2024-09-12,36,101,Urology,Surgery and Associated Services,Non-admitted,45
2025-05-22,2024-09-06,2024-09-12,36,101,Urology,Surgery and Associated Services,Admitted,17
2025-05-22,2024-09-06,2024-09-12,36,120,ENT,Surgery and Associated Services,Non-admitted,64
2025-05-22,2024-09-06,2024-09-12,36,120,ENT,Surgery and Associated Services,Admitted,20
2025-05-22,2024-09-06,2024-09-12,36,301,Gastroenterology,Medicine,Non-admitted,95
2025-05-22,2024-09-06,2024-09-12,36,301,Gastroenterology,Medicine,Admitted,1
2025-05-22,2024-09-06,2024-09-12,36,330,Dermatology,Medicine,Non-admitted,74
2025-05-22,2024-09-06,2024-09-12,36,330,Dermatology,Medicine,Admitted,17
2025-05-22,2024-09-06,2024-09-12,36,502,Gynaecology,Family Health,Non-admitted,52
2025-05-22,2024-09-06,2024-09-12,36,502,Gynaecology,Family Health,Admitted,19
2025-05-22,2024-08-30,2024-09-05,37,101,Urology,Surgery and Associated Services,Non-admitted,45
2025-05-22,2024-08-30,2024-09-05,37,101,Urology,Surgery and Associated Services,Admitted,21
2025-05-22,2024-08-30,2024-09-05,37,120,ENT,Surgery and Associated Services,Non-admitted,53
2025-05-22,2024-08-30,2024-09-05,37,120,ENT,Surgery and Associated Services,Admitted,22
2025-05-22,2024-08-30,2024-09-05,37,301,Gastroenterology,Medicine,Non-admitted,104
2025-05-22,2024-08-30,2024-09-05,37,330,Dermatology,Medicine,Non-admitted,64
2025-05-22,2024-08-30,2024-09-05,37,330,Dermatology,Medicine,Admitted,10
2025-05-22,2024-08-30,2024-09-05,37,502,Gynaecology,Family Health,Non-admitted,40
2025-05-22,2024-08-30,2024-09-05,37,502,Gynaecology,Family Health,Admitted,23
2025-05-22,2024-08-23,2024-08-29,38,101,Urology,Surgery and Associated Services,Non-admitted,33
2025-05-22,2024-08-23,2024-08-29,38,101,Urology,Surgery and Associated Services,Admitted,16
2025-05-22,2024-08-23,2024-08-29,38,120,ENT,Surgery and Associated Services,Non-admitted,56
2025-05-22,2024-08-23,2024-08-29,38,120,ENT,Surgery and Associated Services,Admitted,13
2025-05-22,2024-08-23,2024-08-29,38,301,Gastroenterology,Medicine,Non-admitted,77
2025-05-22,2024-08-23,2024-08-29,38,330,Dermatology,Medicine,Non-admitted,53
2025-05-22,2024-08-23,2024-08-29,38,330,Dermatology,Medicine,Admitted,7
2025-05-22,2024-08-23,2024-08-29,38,502,Gynaecology,Family Health,Non-admitted,32
2025-05-22,2024-08-23,2024-08-29,38,502,Gynaecology,Family Health,Admitted,23
2025-05-22,2024-08-16,2024-08-22,39,101,Urology,Surgery and Associated Services,Non-admitted,36
2025-05-22,2024-08-16,2024-08-22,39,101,Urology,Surgery and Associated Services,Admitted,10
2025-05-22,2024-08-16,2024-08-22,39,120,ENT,Surgery and Associated Services,Non-admitted,62
2025-05-22,2024-08-16,2024-08-22,39,120,ENT,Surgery and Associated Services,Admitted,20
2025-05-22,2024-08-16,2024-08-22,39,301,Gastroenterology,Medicine,Non-admitted,83
2025-05-22,2024-08-16,2024-08-22,39,330,Dermatology,Medicine,Non-admitted,77
2025-05-22,2024-08-16,2024-08-22,39,330,Dermatology,Medicine,Admitted,10
2025-05-22,2024-08-16,2024-08-22,39,502,Gynaecology,Family Health,Non-admitted,48
2025-05-22,2024-08-16,2024-08-22,39,502,Gynaecology,Family Health,Admitted,23
2025-05-22,2024-08-09,2024-08-15,40,101,Urology,Surgery and Associated Services,Non-admitted,55
2025-05-22,2024-08-09,2024-08-15,40,101,Urology,Surgery and Associated Services,Admitted,17
2025-05-22,2024-08-09,2024-08-15,40,120,ENT,Surgery and Associated Services,Non-admitted,42
2025-05-22,2024-08-09,2024-08-15,40,120,ENT,Surgery and Associated Services,Admitted,16
2025-05-22,2024-08-09,2024-08-15,40,301,Gastroenterology,Medicine,Non-admitted,95
2025-05-22,2024-08-09,2024-08-15,40,330,Dermatology,Medicine,Non-admitted,72
2025-05-22,2024-08-09,2024-08-15,40,330,Dermatology,Medicine,Admitted,7
2025-05-22,2024-08-09,2024-08-15,40,502,Gynaecology,Family Health,Non-admitted,47
2025-05-22,2024-08-09,2024-08-15,40,502,Gynaecology,Family Health,Admitted,17
2025-05-22,2024-08-02,2024-08-08,41,101,Urology,Surgery and Associated Services,Non-admitted,53
2025-05-22,2024-08-02,2024-08-08,41,101,Urology,Surgery and Associated Services,Admitted,18
2025-05-22,2024-08-02,2024-08-08,41,120,ENT,Surgery and Associated Services,Non-admitted,60
2025-05-22,2024-08-02,2024-08-08,41,120,ENT,Surgery and Associated Services,Admitted,17
2025-05-22,2024-08-02,2024-08-08,41,301,Gastroenterology,Medicine,Non-admitted,100
2025-05-22,2024-08-02,2024-08-08,41,330,Dermatology,Medicine,Non-admitted,57
2025-05-22,2024-08-02,2024-08-08,41,330,Dermatology,Medicine,Admitted,11
2025-05-22,2024-08-02,2024-08-08,41,502,Gynaecology,Family Health,Non-admitted,35
2025-05-22,2024-08-02,2024-08-08,41,502,Gynaecology,Family Health,Admitted,13
2025-05-22,2024-07-26,2024-08-01,42,101,Urology,Surgery and Associated Services,Non-admitted,46
2025-05-22,2024-07-26,2024-08-01,42,101,Urology,Surgery and Associated Services,Admitted,15
2025-05-22,2024-07-26,2024-08-01,42,120,ENT,Surgery and Associated Services,Non-admitted,60
2025-05-22,2024-07-26,2024-08-01,42,120,ENT,Surgery and Associated Services,Admitted,22
2025-05-22,2024-07-26,2024-08-01,42,301,Gastroenterology,Medicine,Non-admitted,95
2025-05-22,2024-07-26,2024-08-01,42,301,Gastroenterology,Medicine,Admitted,1
2025-05-22,2024-07-26,2024-08-01,42,330,Dermatology,Medicine,Non-admitted,77
2025-05-22,2024-07-26,2024-08-01,42,330,Dermatology,Medicine,Admitted,9
2025-05-22,2024-07-26,2024-08-01,42,502,Gynaecology,Family Health,Non-admitted,39
2025-05-22,2024-07-26,2024-08-01,42,502,Gynaecology,Family Health,Admitted,14
2025-05-22,2024-07-19,2024-07-25,43,101,Urology,Surgery and Associated Services,Non-admitted,49
2025-05-22,2024-07-19,2024-07-25,43,101,Urology,Surgery and Associated Services,Admitted,16
2025-05-22,2024-07-19,2024-07-25,43,120,ENT,Surgery and Associated Services,Non-admitted,45
2025-05-22,2024-07-19,2024-07-25,43,120,ENT,Surgery and Associated Services,Admitted,20
2025-05-22,2024-07-19,2024-07-25,43,301,Gastroenterology,Medicine,Non-admitted,82
2025-05-22,2024-07-19,2024-07-25,43,330,Dermatology,Medicine,Non-admitted,59
2025-05-22,2024-07-19,2024-07-25,43,330,Dermatology,Medicine,Admitted,2
2025-05-22,2024-07-19,2024-07-25,43,502,Gynaecology,Family Health,Non-admitted,45
2025-05-22,2024-07-19,2024-07-25,43,502,Gynaecology,Family Health,Admitted,20
2025-05-22,2024-07-12,2024-07-18,44,101,Urology,Surgery and Associated Services,Non-admitted,46
2025-05-22,2024-07-12,2024-07-18,44,101,Urology,Surgery and Associated Services,Admitted,18
2025-05-22,2024-07-12,2024-07-18,44,120,ENT,Surgery and Associated Services,Non-admitted,70
2025-05-22,2024-07-12,2024-07-18,44,120,ENT,Surgery and Associated Services,Admitted,26
2025-05-22,2024-07-12,2024-07-18,44,301,Gastroenterology,Medicine,Non-admitted,52
2025-05-22,2024-07-12,2024-07-18,44,330,Dermatology,Medicine,Non-admitted,63
2025-05-22,2024-07-12,2024-07-18,44,330,Dermatology,Medicine,Admitted,12
2025-05-22,2024-07-12,2024-07-18,44,502,Gynaecology,Family Health,Non-admitted,27
2025-05-22,2024-07-12,2024-07-18,44,502,Gynaecology,Family Health,Admitted,15
2025-05-22,2024-07-05,2024-07-11,45,101,Urology,Surgery and Associated Services,Non-admitted,47
2025-05-22,2024-07-05,2024-07-11,45,101,Urology,Surgery and Associated Services,Admitted,16
2025-05-22,2024-07-05,2024-07-11,45,120,ENT,Surgery and Associated Services,Non-admitted,47
2025-05-22,2024-07-05,2024-07-11,45,120,ENT,Surgery and Associated Services,Admitted,12
2025-05-22,2024-07-05,2024-07-11,45,301,Gastroenterology,Medicine,Non-admitted,9
2025-05-22,2024-07-05,2024-07-11,45,301,Gastroenterology,Medicine,Admitted,2
2025-05-22,2024-07-05,2024-07-11,45,330,Dermatology,Medicine,Non-admitted,84
2025-05-22,2024-07-05,2024-07-11,45,330,Dermatology,Medicine,Admitted,4
2025-05-22,2024-07-05,2024-07-11,45,502,Gynaecology,Family Health,Non-admitted,28
2025-05-22,2024-07-05,2024-07-11,45,502,Gynaecology,Family Health,Admitted,17
2025-05-22,2024-06-28,2024-07-04,46,101,Urology,Surgery and Associated Services,Non-admitted,56
2025-05-22,2024-06-28,2024-07-04,46,101,Urology,Surgery and Associated Services,Admitted,14
2025-05-22,2024-06-28,2024-07-04,46,120,ENT,Surgery and Associated Services,Non-admitted,40
2025-05-22,2024-06-28,2024-07-04,46,120,ENT,Surgery and Associated Services,Admitted,14
2025-05-22,2024-06-28,2024-07-04,46,301,Gastroenterology,Medicine,Non-admitted,12
2025-05-22,2024-06-28,2024-07-04,46,301,Gastroenterology,Medicine,Admitted,1
2025-05-22,2024-06-28,2024-07-04,46,330,Dermatology,Medicine,Non-admitted,78
2025-05-22,2024-06-28,2024-07-04,46,330,Dermatology,Medicine,Admitted,12
2025-05-22,2024-06-28,2024-07-04,46,502,Gynaecology,Family Health,Non-admitted,20
2025-05-22,2024-06-28,2024-07-04,46,502,Gynaecology,Family Health,Admitted,17
2025-05-22,2024-06-21,2024-06-27,47,101,Urology,Surgery and Associated Services,Non-admitted,36
2025-05-22,2024-06-21,2024-06-27,47,101,Urology,Surgery and Associated Services,Admitted,12
2025-05-22,2024-06-21,2024-06-27,47,120,ENT,Surgery and Associated Services,Non-admitted,24
2025-05-22,2024-06-21,2024-06-27,47,120,ENT,Surgery and Associated Services,Admitted,17
2025-05-22,2024-06-21,2024-06-27,47,301,Gastroenterology,Medicine,Non-admitted,10
2025-05-22,2024-06-21,2024-06-27,47,330,Dermatology,Medicine,Non-admitted,74
2025-05-22,2024-06-21,2024-06-27,47,330,Dermatology,Medicine,Admitted,9
2025-05-22,2024-06-21,2024-06-27,47,502,Gynaecology,Family Health,Non-admitted,12
2025-05-22,2024-06-21,2024-06-27,47,502,Gynaecology,Family Health,Admitted,18
2025-05-22,2024-06-14,2024-06-20,48,101,Urology,Surgery and Associated Services,Non-admitted,33
2025-05-22,2024-06-14,2024-06-20,48,101,Urology,Surgery and Associated Services,Admitted,14
2025-05-22,2024-06-14,2024-06-20,48,120,ENT,Surgery and Associated Services,Non-admitted,15
2025-05-22,2024-06-14,2024-06-20,48,120,ENT,Surgery and Associated Services,Admitted,16
2025-05-22,2024-06-14,2024-06-20,48,301,Gastroenterology,Medicine,Non-admitted,3
2025-05-22,2024-06-14,2024-06-20,48,301,Gastroenterology,Medicine,Admitted,1
2025-05-22,2024-06-14,2024-06-20,48,330,Dermatology,Medicine,Non-admitted,63
2025-05-22,2024-06-14,2024-06-20,48,330,Dermatology,Medicine,Admitted,10
2025-05-22,2024-06-14,2024-06-20,48,502,Gynaecology,Family Health,Non-admitted,16
2025-05-22,2024-06-14,2024-06-20,48,502,Gynaecology,Family Health,Admitted,15
2025-05-22,2024-06-07,2024-06-13,49,101,Urology,Surgery and Associated Services,Non-admitted,44
2025-05-22,2024-06-07,2024-06-13,49,101,Urology,Surgery and Associated Services,Admitted,14
2025-05-22,2024-06-07,2024-06-13,49,120,ENT,Surgery and Associated Services,Non-admitted,17
2025-05-22,2024-06-07,2024-06-13,49,120,ENT,Surgery and Associated Services,Admitted,22
2025-05-22,2024-06-07,2024-06-13,49,301,Gastroenterology,Medicine,Non-admitted,8
2025-05-22,2024-06-07,2024-06-13,49,330,Dermatology,Medicine,Non-admitted,73
2025-05-22,2024-06-07,2024-06-13,49,330,Dermatology,Medicine,Admitted,9
2025-05-22,2024-06-07,2024-06-13,49,502,Gynaecology,Family Health,Non-admitted,20
2025-05-22,2024-06-07,2024-06-13,49,502,Gynaecology,Family Health,Admitted,11
2025-05-22,2024-05-31,2024-06-06,50,101,Urology,Surgery and Associated Services,Non-admitted,38
2025-05-22,2024-05-31,2024-06-06,50,101,Urology,Surgery and Associated Services,Admitted,22
2025-05-22,2024-05-31,2024-06-06,50,120,ENT,Surgery and Associated Services,Non-admitted,14
2025-05-22,2024-05-31,2024-06-06,50,120,ENT,Surgery and Associated Services,Admitted,14
2025-05-22,2024-05-31,2024-06-06,50,301,Gastroenterology,Medicine,Non-admitted,5
2025-05-22,2024-05-31,2024-06-06,50,330,Dermatology,Medicine,Non-admitted,23
2025-05-22,2024-05-31,2024-06-06,50,330,Dermatology,Medicine,Admitted,10
2025-05-22,2024-05-31,2024-06-06,50,502,Gynaecology,Family Health,Non-admitted,22
2025-05-22,2024-05-31,2024-06-06,50,502,Gynaecology,Family Health,Admitted,16
2025-05-22,2024-05-24,2024-05-30,51,101,Urology,Surgery and Associated Services,Non-admitted,17
2025-05-22,2024-05-24,2024-05-30,51,101,Urology,Surgery and Associated Services,Admitted,10
2025-05-22,2024-05-24,2024-05-30,51,120,ENT,Surgery and Associated Services,Non-admitted,8
2025-05-22,2024-05-24,2024-05-30,51,120,ENT,Surgery and Associated Services,Admitted,10
2025-05-22,2024-05-24,2024-05-30,51,301,Gastroenterology,Medicine,Non-admitted,3
2025-05-22,2024-05-24,2024-05-30,51,330,Dermatology,Medicine,Non-admitted,3
2025-05-22,2024-05-24,2024-05-30,51,330,Dermatology,Medicine,Admitted,8
2025-05-22,2024-05-24,2024-05-30,51,502,Gynaecology,Family Health,Non-admitted,26
2025-05-22,2024-05-24,2024-05-30,51,502,Gynaecology,Family Health,Admitted,19
2025-05-22,2024-05-17,2024-05-23,52,101,Urology,Surgery and Associated Services,Non-admitted,30
2025-05-22,2024-05-17,2024-05-23,52,101,Urology,Surgery and Associated Services,Admitted,9
2025-05-22,2024-05-17,2024-05-23,52,120,ENT,Surgery and Associated Services,Non-admitted,21
2025-05-22,2024-05-17,2024-05-23,52,120,ENT,Surgery and Associated Services,Admitted,19
2025-05-22,2024-05-17,2024-05-23,52,301,Gastroenterology,Medicine,Non-admitted,6
2025-05-22,2024-05-17,2024-05-23,52,330,Dermatology,Medicine,Non-admitted,11
2025-05-22,2024-05-17,2024-05-23,52,330,Dermatology,Medicine,Admitted,11
2025-05-22,2024-05-17,2024-05-23,52,502,Gynaecology,Family Health,Non-admitted,17
2025-05-22,2024-05-17,2024-05-23,52,502,Gynaecology,Family Health,Admitted,15
2025-05-22,2024-05-10,2024-05-16,53,101,Urology,Surgery and Associated Services,Non-admitted,41
2025-05-22,2024-05-10,2024-05-16,53,101,Urology,Surgery and Associated Services,Admitted,13
2025-05-22,2024-05-10,2024-05-16,53,120,ENT,Surgery and Associated Services,Non-admitted,10
2025-05-22,2024-05-10,2024-05-16,53,120,ENT,Surgery and Associated Services,Admitted,20
2025-05-22,2024-05-10,2024-05-16,53,301,Gastroenterology,Medicine,Non-admitted,4
2025-05-22,2024-05-10,2024-05-16,53,330,Dermatology,Medicine,Non-admitted,5
2025-05-22,2024-05-10,2024-05-16,53,330,Dermatology,Medicine,Admitted,10
2025-05-22,2024-05-10,2024-05-16,53,502,Gynaecology,Family Health,Non-admitted,19
2025-05-22,2024-05-10,2024-05-16,53,502,Gynaecology,Family Health,Admitted,15
2025-05-22,2024-05-03,2024-05-09,54,101,Urology,Surgery and Associated Services,Non-admitted,29
2025-05-22,2024-05-03,2024-05-09,54,101,Urology,Surgery and Associated Services,Admitted,15
2025-05-22,2024-05-03,2024-05-09,54,120,ENT,Surgery and Associated Services,Non-admitted,7
2025-05-22,2024-05-03,2024-05-09,54,120,ENT,Surgery and Associated Services,Admitted,12
2025-05-22,2024-05-03,2024-05-09,54,301,Gastroenterology,Medicine,Non-admitted,1
2025-05-22,2024-05-03,2024-05-09,54,330,Dermatology,Medicine,Non-admitted,1
2025-05-22,2024-05-03,2024-05-09,54,330,Dermatology,Medicine,Admitted,13
2025-05-22,2024-05-03,2024-05-09,54,502,Gynaecology,Family Health,Non-admitted,16
2025-05-22,2024-05-03,2024-05-09,54,502,Gynaecology,Family Health,Admitted,8
2025-05-22,2024-04-26,2024-05-02,55,101,Urology,Surgery and Associated Services,Non-admitted,32
2025-05-22,2024-04-26,2024-05-02,55,101,Urology,Surgery and Associated Services,Admitted,11
2025-05-22,2024-04-26,2024-05-02,55,120,ENT,Surgery and Associated Services,Non-admitted,6
2025-05-22,2024-04-26,2024-05-02,55,120,ENT,Surgery and Associated Services,Admitted,12
2025-05-22,2024-04-26,2024-05-02,55,301,Gastroenterology,Medicine,Non-admitted,2
2025-05-22,2024-04-26,2024-05-02,55,330,Dermatology,Medicine,Non-admitted,1
2025-05-22,2024-04-26,2024-05-02,55,330,Dermatology,Medicine,Admitted,9
2025-05-22,2024-04-26,2024-05-02,55,502,Gynaecology,Family Health,Non-admitted,15
2025-05-22,2024-04-26,2024-05-02,55,502,Gynaecology,Family Health,Admitted,6
2025-05-22,2024-04-19,2024-04-25,56,101,Urology,Surgery and Associated Services,Non-admitted,8
2025-05-22,2024-04-19,2024-04-25,56,101,Urology,Surgery and Associated Services,Admitted,7
2025-05-22,2024-04-19,2024-04-25,56,120,ENT,Surgery and Associated Services,Non-admitted,4
2025-05-22,2024-04-19,2024-04-25,56,120,ENT,Surgery and Associated Services,Admitted,9
2025-05-22,2024-04-19,2024-04-25,56,301,Gastroenterology,Medicine,Non-admitted,2
2025-05-22,2024-04-19,2024-04-25,56,330,Dermatology,Medicine,Non-admitted,1
2025-05-22,2024-04-19,2024-04-25,56,330,Dermatology,Medicine,Admitted,9
2025-05-22,2024-04-19,2024-04-25,56,502,Gynaecology,Family Health,Non-admitted,21
2025-05-22,2024-04-19,2024-04-25,56,502,Gynaecology,Family Health,Admitted,13
2025-05-22,2024-04-12,2024-04-18,57,101,Urology,Surgery and Associated Services,Non-admitted,2
2025-05-22,2024-04-12,2024-04-18,57,101,Urology,Surgery and Associated Services,Admitted,12
2025-05-22,2024-04-12,2024-04-18,57,120,ENT,Surgery and Associated Services,Non-admitted,4
2025-05-22,2024-04-12,2024-04-18,57,120,ENT,Surgery and Associated Services,Admitted,24
2025-05-22,2024-04-12,2024-04-18,57,330,Dermatology,Medicine,Non-admitted,4
2025-05-22,2024-04-12,2024-04-18,57,330,Dermatology,Medicine,Admitted,7
2025-05-22,2024-04-12,2024-04-18,57,502,Gynaecology,Family Health,Non-admitted,10
2025-05-22,2024-04-12,2024-04-18,57,502,Gynaecology,Family Health,Admitted,6
2025-05-22,2024-04-05,2024-04-11,58,101,Urology,Surgery and Associated Services,Non-admitted,3
2025-05-22,2024-04-05,2024-04-11,58,101,Urology,Surgery and Associated Services,Admitted,6
2025-05-22,2024-04-05,2024-04-11,58,120,ENT,Surgery and Associated Services,Non-admitted,3
2025-05-22,2024-04-05,2024-04-11,58,120,ENT,Surgery and Associated Services,Admitted,12
2025-05-22,2024-04-05,2024-04-11,58,301,Gastroenterology,Medicine,Non-admitted,2
2025-05-22,2024-04-05,2024-04-11,58,330,Dermatology,Medicine,Non-admitted,3
2025-05-22,2024-04-05,2024-04-11,58,330,Dermatology,Medicine,Admitted,11
2025-05-22,2024-04-05,2024-04-11,58,502,Gynaecology,Family Health,Non-admitted,14
2025-05-22,2024-04-05,2024-04-11,58,502,Gynaecology,Family Health,Admitted,2
2025-05-22,2024-03-29,2024-04-04,59,101,Urology,Surgery and Associated Services,Non-admitted,3
2025-05-22,2024-03-29,2024-04-04,59,101,Urology,Surgery and Associated Services,Admitted,2
2025-05-22,2024-03-29,2024-04-04,59,120,ENT,Surgery and Associated Services,Non-admitted,1
2025-05-22,2024-03-29,2024-04-04,59,120,ENT,Surgery and Associated Services,Admitted,6
2025-05-22,2024-03-29,2024-04-04,59,330,Dermatology,Medicine,Non-admitted,1
2025-05-22,2024-03-29,2024-04-04,59,330,Dermatology,Medicine,Admitted,6
2025-05-22,2024-03-29,2024-04-04,59,502,Gynaecology,Family Health,Non-admitted,6
2025-05-22,2024-03-29,2024-04-04,59,502,Gynaecology,Family Health,Admitted,5
2025-05-22,2024-03-22,2024-03-28,60,101,Urology,Surgery and Associated Services,Non-admitted,3
2025-05-22,2024-03-22,2024-03-28,60,101,Urology,Surgery and Associated Services,Admitted,3
2025-05-22,2024-03-22,2024-03-28,60,120,ENT,Surgery and Associated Services,Non-admitted,5
2025-05-22,2024-03-22,2024-03-28,60,120,ENT,Surgery and Associated Services,Admitted,10
2025-05-22,2024-03-22,2024-03-28,60,301,Gastroenterology,Medicine,Non-admitted,1
2025-05-22,2024-03-22,2024-03-28,60,330,Dermatology,Medicine,Admitted,4
2025-05-22,2024-03-22,2024-03-28,60,502,Gynaecology,Family Health,Non-admitted,14
2025-05-22,2024-03-22,2024-03-28,60,502,Gynaecology,Family Health,Admitted,3
2025-05-22,2024-03-15,2024-03-21,61,101,Urology,Surgery and Associated Services,Non-admitted,3
2025-05-22,2024-03-15,2024-03-21,61,101,Urology,Surgery and Associated Services,Admitted,6
2025-05-22,2024-03-15,2024-03-21,61,120,ENT,Surgery and Associated Services,Non-admitted,4
2025-05-22,2024-03-15,2024-03-21,61,120,ENT,Surgery and Associated Services,Admitted,9
2025-05-22,2024-03-15,2024-03-21,61,301,Gastroenterology,Medicine,Non-admitted,2
2025-05-22,2024-03-15,2024-03-21,61,330,Dermatology,Medicine,Non-admitted,1
2025-05-22,2024-03-15,2024-03-21,61,330,Dermatology,Medicine,Admitted,12
2025-05-22,2024-03-15,2024-03-21,61,502,Gynaecology,Family Health,Non-admitted,5
2025-05-22,2024-03-15,2024-03-21,61,502,Gynaecology,Family Health,Admitted,3
2025-05-22,2024-03-08,2024-03-14,62,101,Urology,Surgery and Associated Services,Non-admitted,8
2025-05-22,2024-03-08,2024-03-14,62,101,Urology,Surgery and Associated Services,Admitted,4
2025-05-22,2024-03-08,2024-03-14,62,120,ENT,Surgery and Associated Services,Non-admitted,3
2025-05-22,2024-03-08,2024-03-14,62,120,ENT,Surgery and Associated Services,Admitted,14
2025-05-22,2024-03-08,2024-03-14,62,301,Gastroenterology,Medicine,Non-admitted,1
2025-05-22,2024-03-08,2024-03-14,62,330,Dermatology,Medicine,Admitted,6
2025-05-22,2024-03-08,2024-03-14,62,502,Gynaecology,Family Health,Non-admitted,11
2025-05-22,2024-03-08,2024-03-14,62,502,Gynaecology,Family Health,Admitted,4
2025-05-22,2024-03-01,2024-03-07,63,101,Urology,Surgery and Associated Services,Non-admitted,2
2025-05-22,2024-03-01,2024-03-07,63,101,Urology,Surgery and Associated Services,Admitted,2
2025-05-22,2024-03-01,2024-03-07,63,120,ENT,Surgery and Associated Services,Admitted,14
2025-05-22,2024-03-01,2024-03-07,63,330,Dermatology,Medicine,Admitted,4
2025-05-22,2024-03-01,2024-03-07,63,502,Gynaecology,Family Health,Non-admitted,5
2025-05-22,2024-03-01,2024-03-07,63,502,Gynaecology,Family Health,Admitted,3
2025-05-22,2024-02-23,2024-02-29,64,101,Urology,Surgery and Associated Services,Admitted,2
2025-05-22,2024-02-23,2024-02-29,64,120,ENT,Surgery and Associated Services,Admitted,4
2025-05-22,2024-02-23,2024-02-29,64,330,Dermatology,Medicine,Admitted,6
2025-05-22,2024-02-23,2024-02-29,64,502,Gynaecology,Family Health,Non-admitted,8
2025-05-22,2024-02-16,2024-02-22,65,101,Urology,Surgery and Associated Services,Non-admitted,5
2025-05-22,2024-02-16,2024-02-22,65,101,Urology,Surgery and Associated Services,Admitted,4
2025-05-22,2024-02-16,2024-02-22,65,120,ENT,Surgery and Associated Services,Non-admitted,1
2025-05-22,2024-02-16,2024-02-22,65,120,ENT,Surgery and Associated Services,Admitted,8
2025-05-22,2024-02-16,2024-02-22,65,330,Dermatology,Medicine,Admitted,3
2025-05-22,2024-02-16,2024-02-22,65,502,Gynaecology,Family Health,Non-admitted,2
2025-05-22,2024-02-09,2024-02-15,66,101,Urology,Surgery and Associated Services,Non-admitted,2
2025-05-22,2024-02-09,2024-02-15,66,101,Urology,Surgery and Associated Services,Admitted,6
2025-05-22,2024-02-09,2024-02-15,66,120,ENT,Surgery and Associated Services,Non-admitted,1
2025-05-22,2024-02-09,2024-02-15,66,120,ENT,Surgery and Associated Services,Admitted,3
2025-05-22,2024-02-09,2024-02-15,66,330,Dermatology,Medicine,Non-admitted,1
2025-05-22,2024-02-09,2024-02-15,66,330,Dermatology,Medicine,Admitted,3
2025-05-22,2024-02-09,2024-02-15,66,502,Gynaecology,Family Health,Non-admitted,3
2025-05-22,2024-02-09,2024-02-15,66,502,Gynaecology,Family Health,Admitted,1
2025-05-22,2024-02-02,2024-02-08,67,101,Urology,Surgery and Associated Services,Non-admitted,1
2025-05-22,2024-02-02,2024-02-08,67,101,Urology,Surgery and Associated Services,Admitted,2
2025-05-22,2024-02-02,2024-02-08,67,120,ENT,Surgery and Associated Services,Non-admitted,1
2025-05-22,2024-02-02,2024-02-08,67,120,ENT,Surgery and Associated Services,Admitted,3
2025-05-22,2024-02-02,2024-02-08,67,330,Dermatology,Medicine,Non-admitted,1
2025-05-22,2024-02-02,2024-02-08,67,330,Dermatology,Medicine,Admitted,2
2025-05-22,2024-02-02,2024-02-08,67,502,Gynaecology,Family Health,Non-admitted,2
2025-05-22,2024-01-26,2024-02-01,68,120,ENT,Surgery and Associated Services,Admitted,1
2025-05-22,2024-01-26,2024-02-01,68,330,Dermatology,Medicine,Admitted,1
2025-05-22,2024-01-26,2024-02-01,68,502,Gynaecology,Family Health,Non-admitted,1
2025-05-22,2024-01-19,2024-01-25,69,101,Urology,Surgery and Associated Services,Non-admitted,2
2025-05-22,2024-01-19,2024-01-25,69,101,Urology,Surgery and Associated Services,Admitted,1
2025-05-22,2024-01-19,2024-01-25,69,120,ENT,Surgery and Associated Services,Non-admitted,1
2025-05-22,2024-01-19,2024-01-25,69,330,Dermatology,Medicine,Admitted,2
2025-05-22,2024-01-12,2024-01-18,70,101,Urology,Surgery and Associated Services,Non-admitted,1
2025-05-22,2024-01-05,2024-01-11,71,101,Urology,Surgery and Associated Services,Non-admitted,1
2025-05-22,2024-01-05,2024-01-11,71,330,Dermatology,Medicine,Non-admitted,1
2025-05-22,2023-12-29,2024-01-04,72,120,ENT,Surgery and Associated Services,Non-admitted,1
2025-05-22,2023-12-22,2023-12-28,73,120,ENT,Surgery and Associated Services,Admitted,1
2025-05-22,2023-12-15,2023-12-21,74,120,ENT,Surgery and Associated Services,Admitted,1
2025-05-22,2023-12-08,2023-12-14,75,330,Dermatology,Medicine,Admitted,2
2025-05-22,2023-12-01,2023-12-07,76,120,ENT,Surgery and Associated Services,Non-admitted,1
2025-05-22,2023-11-24,2023-11-30,77,101,Urology,Surgery and Associated Services,Non-admitted,1
2025-05-22,2023-11-17,2023-11-23,78,101,Urology,Surgery and Associated Services,Non-admitted,1
2025-05-22,2023-11-17,2023-11-23,78,120,ENT,Surgery and Associated Services,Admitted,1
2025-05-22,2023-11-10,2023-11-16,79,120,ENT,Surgery and Associated Services,Admitted,1
2025-05-22,2023-11-03,2023-11-09,80,120,ENT,Surgery and Associated Services,Non-admitted,1
2025-05-22,2023-11-03,2023-11-09,80,301,Gastroenterology,Medicine,Non-admitted,1
2025-05-22,2023-10-27,2023-11-02,81,120,ENT,Surgery and Associated Services,Admitted,1
2025-05-22,2023-10-06,2023-10-12,84,120,ENT,Surgery and Associated Services,Non-admitted,1
2025-05-22,2023-09-08,2023-09-14,88,120,ENT,Surgery and Associated Services,Non-admitted,1
2025-05-22,2023-08-25,2023-08-31,90,120,ENT,Surgery and Associated Services,Non-admitted,1
2025-05-22,2023-07-28,2023-08-03,94,120,ENT,Surgery and Associated Services,Non-admitted,1
2025-05-22,2022-11-25,2022-12-01,129,301,Gastroenterology,Medicine,Non-admitted,1
2025-05-22,2022-02-11,2022-02-17,170,502,Gynaecology,Family Health,Non-admitted,1
